2026-08-18 12:51:52,752 [INFO] Production data loaded successfully.
2026-08-18 12:51:52,752 [INFO] {'1': {'ok': 6, 'ng': 8, 'total': 14}, '2': {'ok': 1, 'ng': 0, 'total': 1}, '3': {'ok': 48, 'ng': 54, 'total': 102}, '4': {'ok': 0, 'ng': 0, 'total': 0}}
2026-08-18 12:51:52,752 [INFO] gpiod not installed - GPIO disabled
2026-08-18 12:51:52,753 [INFO] Backend initialized
2026-08-18 12:51:52,917 [INFO] Serial connection lost:
2026-08-18 12:51:52,917 [INFO] [Errno 2] could not open port /dev/ttyUSB0: [Errno 2] No such file or directory: '/dev/ttyUSB0'
2026-08-18 12:51:54,255 [INFO] Serial connection lost:
2026-08-18 12:51:54,256 [INFO] [Errno 2] could not open port /dev/ttyUSB0: [Errno 2] No such file or directory: '/dev/ttyUSB0'
2026-08-18 12:51:54,535 [INFO] Switching to:
2026-08-18 12:51:54,535 [INFO] S test1
2026-08-18 12:51:55,757 [INFO] Serial connection lost:
2026-08-18 12:51:55,757 [INFO] [Errno 2] could not open port /dev/ttyUSB0: [Errno 2] No such file or directory: '/dev/ttyUSB0'
2026-08-18 12:51:57,258 [INFO] Serial connection lost:
2026-08-18 12:51:57,258 [INFO] [Errno 2] could not open port /dev/ttyUSB0: [Errno 2] No such file or directory: '/dev/ttyUSB0'
2026-08-18 12:51:58,284 [INFO] Switching to:
2026-08-18 12:51:58,284 [INFO] S new
2026-08-18 12:51:58,759 [INFO] Serial connection lost:
2026-08-18 12:51:58,759 [INFO] [Errno 2] could not open port /dev/ttyUSB0: [Errno 2] No such file or directory: '/dev/ttyUSB0'
2026-08-18 12:52:00,260 [INFO] Serial connection lost:
2026-08-18 12:52:00,260 [INFO] [Errno 2] could not open port /dev/ttyUSB0: [Errno 2] No such file or directory: '/dev/ttyUSB0'
2026-08-18 12:52:01,761 [INFO] Serial connection lost:
2026-08-18 12:52:01,761 [INFO] [Errno 2] could not open port /dev/ttyUSB0: [Errno 2] No such file or directory: '/dev/ttyUSB0'
2026-08-18 12:52:01,767 [INFO] Switching to:
2026-08-18 12:52:01,767 [INFO] S test1
2026-08-18 12:52:03,262 [INFO] Serial connection lost:
2026-08-18 12:52:03,262 [INFO] [Errno 2] could not open port /dev/ttyUSB0: [Errno 2] No such file or directory: '/dev/ttyUSB0'
2026-08-18 12:52:03,968 [INFO] Switching to:
2026-08-18 12:52:03,968 [INFO] S test1
2026-08-18 12:52:04,763 [INFO] Serial connection lost:
2026-08-18 12:52:04,764 [INFO] [Errno 2] could not open port /dev/ttyUSB0: [Errno 2] No such file or directory: '/dev/ttyUSB0'
2026-08-18 12:52:06,265 [INFO] Serial connection lost:
2026-08-18 12:52:06,265 [INFO] [Errno 2] could not open port /dev/ttyUSB0: [Errno 2] No such file or directory: '/dev/ttyUSB0'
2026-08-18 12:52:07,766 [INFO] Serial connection lost:
2026-08-18 12:52:07,766 [INFO] [Errno 2] could not open port /dev/ttyUSB0: [Errno 2] No such file or directory: '/dev/ttyUSB0'
2026-08-18 12:52:09,267 [INFO] Serial connection lost:
2026-08-18 12:52:09,267 [INFO] [Errno 2] could not open port /dev/ttyUSB0: [Errno 2] No such file or directory: '/dev/ttyUSB0'
2026-08-18 12:52:10,768 [INFO] Serial connection lost:
2026-08-18 12:52:10,768 [INFO] [Errno 2] could not open port /dev/ttyUSB0: [Errno 2] No such file or directory: '/dev/ttyUSB0'
2026-08-18 12:52:12,269 [INFO] Serial connection lost:
2026-08-18 12:52:12,269 [INFO] [Errno 2] could not open port /dev/ttyUSB0: [Errno 2] No such file or directory: '/dev/ttyUSB0'
2026-08-18 12:52:13,770 [INFO] Serial connection lost:
2026-08-18 12:52:13,770 [INFO] [Errno 2] could not open port /dev/ttyUSB0: [Errno 2] No such file or directory: '/dev/ttyUSB0'
2026-08-18 12:52:15,271 [INFO] Serial connection lost:
2026-08-18 12:52:15,271 [INFO] [Errno 2] could not open port /dev/ttyUSB0: [Errno 2] No such file or directory: '/dev/ttyUSB0'
2026-08-18 12:52:16,772 [INFO] Serial connection lost:
2026-08-18 12:52:16,773 [INFO] [Errno 2] could not open port /dev/ttyUSB0: [Errno 2] No such file or directory: '/dev/ttyUSB0'
2026-08-18 12:52:18,274 [INFO] Serial connection lost:
2026-08-18 12:52:18,274 [INFO] [Errno 2] could not open port /dev/ttyUSB0: [Errno 2] No such file or directory: '/dev/ttyUSB0'
2026-08-18 12:52:18,474 [INFO] Serial disconnected
2026-08-18 12:53:06,304 [INFO] Production data loaded successfully.
2026-08-18 12:53:06,304 [INFO] {'1': {'ok': 6, 'ng': 8, 'total': 14}, '2': {'ok': 1, 'ng': 0, 'total': 1}, '3': {'ok': 48, 'ng': 54, 'total': 102}, '4': {'ok': 0, 'ng': 0, 'total': 0}}
2026-08-18 12:53:06,304 [INFO] gpiod not installed - GPIO disabled
2026-08-18 12:53:06,305 [INFO] Backend initialized
2026-08-18 12:53:06,393 [INFO] Serial connection lost:
2026-08-18 12:53:06,393 [INFO] [Errno 2] could not open port /dev/ttyUSB0: [Errno 2] No such file or directory: '/dev/ttyUSB0'
2026-08-18 12:53:07,807 [INFO] Serial connection lost:
2026-08-18 12:53:07,807 [INFO] [Errno 2] could not open port /dev/ttyUSB0: [Errno 2] No such file or directory: '/dev/ttyUSB0'
2026-08-18 12:53:08,168 [INFO] Switching to:
2026-08-18 12:53:08,168 [INFO] S test1
2026-08-18 12:53:09,308 [INFO] Serial connection lost:
2026-08-18 12:53:09,308 [INFO] [Errno 2] could not open port /dev/ttyUSB0: [Errno 2] No such file or directory: '/dev/ttyUSB0'
2026-08-18 12:53:10,809 [INFO] Serial connection lost:
2026-08-18 12:53:10,809 [INFO] [Errno 2] could not open port /dev/ttyUSB0: [Errno 2] No such file or directory: '/dev/ttyUSB0'
2026-08-18 12:53:12,310 [INFO] Serial connection lost:
2026-08-18 12:53:12,310 [INFO] [Errno 2] could not open port /dev/ttyUSB0: [Errno 2] No such file or directory: '/dev/ttyUSB0'
2026-08-18 12:53:13,811 [INFO] Serial connection lost:
2026-08-18 12:53:13,811 [INFO] [Errno 2] could not open port /dev/ttyUSB0: [Errno 2] No such file or directory: '/dev/ttyUSB0'
2026-08-18 12:53:15,312 [INFO] Serial connection lost:
2026-08-18 12:53:15,312 [INFO] [Errno 2] could not open port /dev/ttyUSB0: [Errno 2] No such file or directory: '/dev/ttyUSB0'
2026-08-18 12:53:16,814 [INFO] Serial connection lost:
2026-08-18 12:53:16,814 [INFO] [Errno 2] could not open port /dev/ttyUSB0: [Errno 2] No such file or directory: '/dev/ttyUSB0'
2026-08-18 12:53:18,315 [INFO] Serial connection lost:
2026-08-18 12:53:18,315 [INFO] [Errno 2] could not open port /dev/ttyUSB0: [Errno 2] No such file or directory: '/dev/ttyUSB0'
2026-08-18 12:53:19,816 [INFO] Serial connection lost:
2026-08-18 12:53:19,816 [INFO] [Errno 2] could not open port /dev/ttyUSB0: [Errno 2] No such file or directory: '/dev/ttyUSB0'
2026-08-18 12:53:21,317 [INFO] Serial connection lost:
2026-08-18 12:53:21,317 [INFO] [Errno 2] could not open port /dev/ttyUSB0: [Errno 2] No such file or directory: '/dev/ttyUSB0'
2026-08-18 12:53:22,818 [INFO] Serial connection lost:
2026-08-18 12:53:22,819 [INFO] [Errno 2] could not open port /dev/ttyUSB0: [Errno 2] No such file or directory: '/dev/ttyUSB0'
2026-08-18 12:53:23,319 [INFO] Serial disconnected
2026-08-18 12:54:11,952 [INFO] Production data loaded successfully.
2026-08-18 12:54:11,952 [INFO] {'1': {'ok': 6, 'ng': 8, 'total': 14}, '2': {'ok': 1, 'ng': 0, 'total': 1}, '3': {'ok': 48, 'ng': 54, 'total': 102}, '4': {'ok': 0, 'ng': 0, 'total': 0}}
2026-08-18 12:54:11,952 [INFO] gpiod not installed - GPIO disabled
2026-08-18 12:54:11,953 [INFO] Backend initialized
2026-08-18 12:54:12,042 [INFO] Serial connection lost:
2026-08-18 12:54:12,042 [INFO] [Errno 2] could not open port /dev/ttyUSB0: [Errno 2] No such file or directory: '/dev/ttyUSB0'
2026-08-18 12:54:13,454 [INFO] Serial connection lost:
2026-08-18 12:54:13,455 [INFO] [Errno 2] could not open port /dev/ttyUSB0: [Errno 2] No such file or directory: '/dev/ttyUSB0'
2026-08-18 12:54:13,600 [INFO] Switching to:
2026-08-18 12:54:13,600 [INFO] S test1
2026-08-18 12:54:14,956 [INFO] Serial connection lost:
2026-08-18 12:54:14,956 [INFO] [Errno 2] could not open port /dev/ttyUSB0: [Errno 2] No such file or directory: '/dev/ttyUSB0'
2026-08-18 12:54:16,457 [INFO] Serial connection lost:
2026-08-18 12:54:16,457 [INFO] [Errno 2] could not open port /dev/ttyUSB0: [Errno 2] No such file or directory: '/dev/ttyUSB0'
2026-08-18 12:54:17,958 [INFO] Serial connection lost:
2026-08-18 12:54:17,958 [INFO] [Errno 2] could not open port /dev/ttyUSB0: [Errno 2] No such file or directory: '/dev/ttyUSB0'
2026-08-18 12:54:19,459 [INFO] Serial connection lost:
2026-08-18 12:54:19,459 [INFO] [Errno 2] could not open port /dev/ttyUSB0: [Errno 2] No such file or directory: '/dev/ttyUSB0'
2026-08-18 12:54:20,960 [INFO] Serial connection lost:
2026-08-18 12:54:20,960 [INFO] [Errno 2] could not open port /dev/ttyUSB0: [Errno 2] No such file or directory: '/dev/ttyUSB0'
2026-08-18 12:54:22,461 [INFO] Serial connection lost:
2026-08-18 12:54:22,462 [INFO] [Errno 2] could not open port /dev/ttyUSB0: [Errno 2] No such file or directory: '/dev/ttyUSB0'
2026-08-18 12:54:23,963 [INFO] Serial connection lost:
2026-08-18 12:54:23,963 [INFO] [Errno 2] could not open port /dev/ttyUSB0: [Errno 2] No such file or directory: '/dev/ttyUSB0'
2026-08-18 12:54:24,969 [INFO] Switching to:
2026-08-18 12:54:24,969 [INFO] S new
2026-08-18 12:54:25,464 [INFO] Serial connection lost:
2026-08-18 12:54:25,464 [INFO] [Errno 2] could not open port /dev/ttyUSB0: [Errno 2] No such file or directory: '/dev/ttyUSB0'
2026-08-18 12:54:26,965 [INFO] Serial connection lost:
2026-08-18 12:54:26,965 [INFO] [Errno 2] could not open port /dev/ttyUSB0: [Errno 2] No such file or directory: '/dev/ttyUSB0'
2026-08-18 12:54:28,466 [INFO] Serial connection lost:
2026-08-18 12:54:28,466 [INFO] [Errno 2] could not open port /dev/ttyUSB0: [Errno 2] No such file or directory: '/dev/ttyUSB0'
2026-08-18 12:54:29,967 [INFO] Serial connection lost:
2026-08-18 12:54:29,967 [INFO] [Errno 2] could not open port /dev/ttyUSB0: [Errno 2] No such file or directory: '/dev/ttyUSB0'
2026-08-18 12:54:31,468 [INFO] Serial connection lost:
2026-08-18 12:54:31,468 [INFO] [Errno 2] could not open port /dev/ttyUSB0: [Errno 2] No such file or directory: '/dev/ttyUSB0'
2026-08-18 12:54:32,162 [INFO] Switching to:
2026-08-18 12:54:32,162 [INFO] S test1
2026-08-18 12:54:32,969 [INFO] Serial connection lost:
2026-08-18 12:54:32,969 [INFO] [Errno 2] could not open port /dev/ttyUSB0: [Errno 2] No such file or directory: '/dev/ttyUSB0'
2026-08-18 12:54:34,471 [INFO] Serial connection lost:
2026-08-18 12:54:34,471 [INFO] [Errno 2] could not open port /dev/ttyUSB0: [Errno 2] No such file or directory: '/dev/ttyUSB0'
2026-08-18 12:54:35,972 [INFO] Serial connection lost:
2026-08-18 12:54:35,972 [INFO] [Errno 2] could not open port /dev/ttyUSB0: [Errno 2] No such file or directory: '/dev/ttyUSB0'
2026-08-18 12:54:37,473 [INFO] Serial connection lost:
2026-08-18 12:54:37,473 [INFO] [Errno 2] could not open port /dev/ttyUSB0: [Errno 2] No such file or directory: '/dev/ttyUSB0'
2026-08-18 12:54:38,974 [INFO] Serial connection lost:
2026-08-18 12:54:38,974 [INFO] [Errno 2] could not open port /dev/ttyUSB0: [Errno 2] No such file or directory: '/dev/ttyUSB0'
2026-08-18 12:54:40,043 [INFO] Switching to:
2026-08-18 12:54:40,043 [INFO] S test1
2026-08-18 12:54:40,475 [INFO] Serial connection lost:
2026-08-18 12:54:40,475 [INFO] [Errno 2] could not open port /dev/ttyUSB0: [Errno 2] No such file or directory: '/dev/ttyUSB0'
2026-08-18 12:54:41,976 [INFO] Serial connection lost:
2026-08-18 12:54:41,976 [INFO] [Errno 2] could not open port /dev/ttyUSB0: [Errno 2] No such file or directory: '/dev/ttyUSB0'
2026-08-18 12:54:42,708 [INFO] Watchdog: no response from serial port in 30s, forcing reconnect
2026-08-18 12:54:43,477 [INFO] Serial connection lost:
2026-08-18 12:54:43,478 [INFO] [Errno 2] could not open port /dev/ttyUSB0: [Errno 2] No such file or directory: '/dev/ttyUSB0'
2026-08-18 12:54:44,979 [INFO] Serial connection lost:
2026-08-18 12:54:44,979 [INFO] [Errno 2] could not open port /dev/ttyUSB0: [Errno 2] No such file or directory: '/dev/ttyUSB0'
2026-08-18 12:54:46,480 [INFO] Serial connection lost:
2026-08-18 12:54:46,480 [INFO] [Errno 2] could not open port /dev/ttyUSB0: [Errno 2] No such file or directory: '/dev/ttyUSB0'
2026-08-18 12:54:47,981 [INFO] Serial connection lost:
2026-08-18 12:54:47,981 [INFO] [Errno 2] could not open port /dev/ttyUSB0: [Errno 2] No such file or directory: '/dev/ttyUSB0'
2026-08-18 12:54:49,482 [INFO] Serial connection lost:
2026-08-18 12:54:49,482 [INFO] [Errno 2] could not open port /dev/ttyUSB0: [Errno 2] No such file or directory: '/dev/ttyUSB0'
2026-08-18 12:54:50,983 [INFO] Serial connection lost:
2026-08-18 12:54:50,983 [INFO] [Errno 2] could not open port /dev/ttyUSB0: [Errno 2] No such file or directory: '/dev/ttyUSB0'
2026-08-18 12:54:52,484 [INFO] Serial connection lost:
2026-08-18 12:54:52,485 [INFO] [Errno 2] could not open port /dev/ttyUSB0: [Errno 2] No such file or directory: '/dev/ttyUSB0'
2026-08-18 12:54:53,986 [INFO] Serial connection lost:
2026-08-18 12:54:53,986 [INFO] [Errno 2] could not open port /dev/ttyUSB0: [Errno 2] No such file or directory: '/dev/ttyUSB0'
2026-08-18 12:54:55,487 [INFO] Serial connection lost:
2026-08-18 12:54:55,487 [INFO] [Errno 2] could not open port /dev/ttyUSB0: [Errno 2] No such file or directory: '/dev/ttyUSB0'
2026-08-18 12:54:56,588 [INFO] Serial disconnected
2026-08-18 12:55:15,137 [INFO] Production data loaded successfully.
2026-08-18 12:55:15,138 [INFO] {'1': {'ok': 6, 'ng': 8, 'total': 14}, '2': {'ok': 1, 'ng': 0, 'total': 1}, '3': {'ok': 48, 'ng': 54, 'total': 102}, '4': {'ok': 0, 'ng': 0, 'total': 0}}
2026-08-18 12:55:15,138 [INFO] gpiod not installed - GPIO disabled
2026-08-18 12:55:15,138 [INFO] Backend initialized
2026-08-18 12:55:15,236 [INFO] Serial connection lost:
2026-08-18 12:55:15,236 [INFO] [Errno 2] could not open port /dev/ttyUSB0: [Errno 2] No such file or directory: '/dev/ttyUSB0'
2026-08-18 12:55:16,643 [INFO] Switching to:
2026-08-18 12:55:16,643 [INFO] S test1
2026-08-18 12:55:16,647 [INFO] Serial connection lost:
2026-08-18 12:55:16,647 [INFO] [Errno 2] could not open port /dev/ttyUSB0: [Errno 2] No such file or directory: '/dev/ttyUSB0'
2026-08-18 12:55:18,141 [INFO] Serial connection lost:
2026-08-18 12:55:18,141 [INFO] [Errno 2] could not open port /dev/ttyUSB0: [Errno 2] No such file or directory: '/dev/ttyUSB0'
2026-08-18 12:55:19,642 [INFO] Serial connection lost:
2026-08-18 12:55:19,642 [INFO] [Errno 2] could not open port /dev/ttyUSB0: [Errno 2] No such file or directory: '/dev/ttyUSB0'
2026-08-18 12:55:21,143 [INFO] Serial connection lost:
2026-08-18 12:55:21,144 [INFO] [Errno 2] could not open port /dev/ttyUSB0: [Errno 2] No such file or directory: '/dev/ttyUSB0'
2026-08-18 12:55:22,645 [INFO] Serial connection lost:
2026-08-18 12:55:22,645 [INFO] [Errno 2] could not open port /dev/ttyUSB0: [Errno 2] No such file or directory: '/dev/ttyUSB0'
2026-08-18 12:55:24,146 [INFO] Serial connection lost:
2026-08-18 12:55:24,146 [INFO] [Errno 2] could not open port /dev/ttyUSB0: [Errno 2] No such file or directory: '/dev/ttyUSB0'
2026-08-18 12:55:25,647 [INFO] Serial connection lost:
2026-08-18 12:55:25,647 [INFO] [Errno 2] could not open port /dev/ttyUSB0: [Errno 2] No such file or directory: '/dev/ttyUSB0'
2026-08-18 12:55:27,148 [INFO] Serial connection lost:
2026-08-18 12:55:27,148 [INFO] [Errno 2] could not open port /dev/ttyUSB0: [Errno 2] No such file or directory: '/dev/ttyUSB0'
2026-08-18 12:55:28,649 [INFO] Serial connection lost:
2026-08-18 12:55:28,649 [INFO] [Errno 2] could not open port /dev/ttyUSB0: [Errno 2] No such file or directory: '/dev/ttyUSB0'
2026-08-18 12:55:30,151 [INFO] Serial connection lost:
2026-08-18 12:55:30,151 [INFO] [Errno 2] could not open port /dev/ttyUSB0: [Errno 2] No such file or directory: '/dev/ttyUSB0'
2026-08-18 12:55:31,652 [INFO] Serial connection lost:
2026-08-18 12:55:31,652 [INFO] [Errno 2] could not open port /dev/ttyUSB0: [Errno 2] No such file or directory: '/dev/ttyUSB0'
2026-08-18 12:55:33,153 [INFO] Serial connection lost:
2026-08-18 12:55:33,153 [INFO] [Errno 2] could not open port /dev/ttyUSB0: [Errno 2] No such file or directory: '/dev/ttyUSB0'
2026-08-18 12:55:34,654 [INFO] Serial connection lost:
2026-08-18 12:55:34,654 [INFO] [Errno 2] could not open port /dev/ttyUSB0: [Errno 2] No such file or directory: '/dev/ttyUSB0'
2026-08-18 12:55:35,555 [INFO] Serial disconnected
2026-08-18 12:56:54,873 [INFO] Production data loaded successfully.
2026-08-18 12:56:54,873 [INFO] {'1': {'ok': 6, 'ng': 8, 'total': 14}, '2': {'ok': 1, 'ng': 0, 'total': 1}, '3': {'ok': 48, 'ng': 54, 'total': 102}, '4': {'ok': 0, 'ng': 0, 'total': 0}}
2026-08-18 12:56:54,874 [INFO] gpiod not installed - GPIO disabled
2026-08-18 12:56:54,874 [INFO] Backend initialized
2026-08-18 12:56:54,953 [INFO] Serial connection lost:
2026-08-18 12:56:54,953 [INFO] [Errno 2] could not open port /dev/ttyUSB0: [Errno 2] No such file or directory: '/dev/ttyUSB0'
2026-08-18 12:56:56,376 [INFO] Serial connection lost:
2026-08-18 12:56:56,376 [INFO] [Errno 2] could not open port /dev/ttyUSB0: [Errno 2] No such file or directory: '/dev/ttyUSB0'
2026-08-18 12:56:56,712 [INFO] Switching to:
2026-08-18 12:56:56,712 [INFO] S test1
2026-08-18 12:56:57,877 [INFO] Serial connection lost:
2026-08-18 12:56:57,878 [INFO] [Errno 2] could not open port /dev/ttyUSB0: [Errno 2] No such file or directory: '/dev/ttyUSB0'
2026-08-18 12:56:59,379 [INFO] Serial connection lost:
2026-08-18 12:56:59,379 [INFO] [Errno 2] could not open port /dev/ttyUSB0: [Errno 2] No such file or directory: '/dev/ttyUSB0'
2026-08-18 12:57:00,153 [INFO] Switching to:
2026-08-18 12:57:00,153 [INFO] S new
2026-08-18 12:57:00,880 [INFO] Serial connection lost:
2026-08-18 12:57:00,880 [INFO] [Errno 2] could not open port /dev/ttyUSB0: [Errno 2] No such file or directory: '/dev/ttyUSB0'
2026-08-18 12:57:02,381 [INFO] Serial connection lost:
2026-08-18 12:57:02,381 [INFO] [Errno 2] could not open port /dev/ttyUSB0: [Errno 2] No such file or directory: '/dev/ttyUSB0'
2026-08-18 12:57:03,882 [INFO] Serial connection lost:
2026-08-18 12:57:03,882 [INFO] [Errno 2] could not open port /dev/ttyUSB0: [Errno 2] No such file or directory: '/dev/ttyUSB0'
2026-08-18 12:57:04,273 [INFO] Switching to:
2026-08-18 12:57:04,273 [INFO] S transparency
2026-08-18 12:57:05,383 [INFO] Serial connection lost:
2026-08-18 12:57:05,383 [INFO] [Errno 2] could not open port /dev/ttyUSB0: [Errno 2] No such file or directory: '/dev/ttyUSB0'
2026-08-18 12:57:06,884 [INFO] Serial connection lost:
2026-08-18 12:57:06,884 [INFO] [Errno 2] could not open port /dev/ttyUSB0: [Errno 2] No such file or directory: '/dev/ttyUSB0'
2026-08-18 12:57:08,385 [INFO] Serial connection lost:
2026-08-18 12:57:08,386 [INFO] [Errno 2] could not open port /dev/ttyUSB0: [Errno 2] No such file or directory: '/dev/ttyUSB0'
2026-08-18 12:57:09,886 [INFO] Serial connection lost:
2026-08-18 12:57:09,887 [INFO] [Errno 2] could not open port /dev/ttyUSB0: [Errno 2] No such file or directory: '/dev/ttyUSB0'
2026-08-18 12:57:11,388 [INFO] Serial connection lost:
2026-08-18 12:57:11,388 [INFO] [Errno 2] could not open port /dev/ttyUSB0: [Errno 2] No such file or directory: '/dev/ttyUSB0'
2026-08-18 12:57:12,889 [INFO] Serial connection lost:
2026-08-18 12:57:12,889 [INFO] [Errno 2] could not open port /dev/ttyUSB0: [Errno 2] No such file or directory: '/dev/ttyUSB0'
2026-08-18 12:57:14,390 [INFO] Serial connection lost:
2026-08-18 12:57:14,390 [INFO] [Errno 2] could not open port /dev/ttyUSB0: [Errno 2] No such file or directory: '/dev/ttyUSB0'
2026-08-18 12:57:15,891 [INFO] Serial connection lost:
2026-08-18 12:57:15,891 [INFO] [Errno 2] could not open port /dev/ttyUSB0: [Errno 2] No such file or directory: '/dev/ttyUSB0'
2026-08-18 12:57:17,392 [INFO] Serial connection lost:
2026-08-18 12:57:17,392 [INFO] [Errno 2] could not open port /dev/ttyUSB0: [Errno 2] No such file or directory: '/dev/ttyUSB0'
2026-08-18 12:57:18,893 [INFO] Serial connection lost:
2026-08-18 12:57:18,893 [INFO] [Errno 2] could not open port /dev/ttyUSB0: [Errno 2] No such file or directory: '/dev/ttyUSB0'
2026-08-18 12:57:20,394 [INFO] Serial connection lost:
2026-08-18 12:57:20,394 [INFO] [Errno 2] could not open port /dev/ttyUSB0: [Errno 2] No such file or directory: '/dev/ttyUSB0'
2026-08-18 12:57:21,895 [INFO] Serial connection lost:
2026-08-18 12:57:21,895 [INFO] [Errno 2] could not open port /dev/ttyUSB0: [Errno 2] No such file or directory: '/dev/ttyUSB0'
2026-08-18 12:57:23,396 [INFO] Serial connection lost:
2026-08-18 12:57:23,396 [INFO] [Errno 2] could not open port /dev/ttyUSB0: [Errno 2] No such file or directory: '/dev/ttyUSB0'
2026-08-18 12:57:24,898 [INFO] Serial connection lost:
2026-08-18 12:57:24,898 [INFO] [Errno 2] could not open port /dev/ttyUSB0: [Errno 2] No such file or directory: '/dev/ttyUSB0'
2026-08-18 12:57:25,707 [INFO] Watchdog: no response from serial port in 30s, forcing reconnect
2026-08-18 12:57:26,399 [INFO] Serial connection lost:
2026-08-18 12:57:26,399 [INFO] [Errno 2] could not open port /dev/ttyUSB0: [Errno 2] No such file or directory: '/dev/ttyUSB0'
2026-08-18 12:57:27,500 [INFO] Serial disconnected
2026-08-19 11:12:41,564 [INFO] Production data loaded successfully.
2026-08-19 11:12:41,564 [INFO] {'1': {'ok': 6, 'ng': 8, 'total': 14}, '2': {'ok': 1, 'ng': 0, 'total': 1}, '3': {'ok': 48, 'ng': 54, 'total': 102}, '4': {'ok': 0, 'ng': 0, 'total': 0}}
2026-08-19 11:12:41,564 [INFO] gpiod not installed - GPIO disabled
2026-08-19 11:12:41,565 [INFO] Backend initialized
2026-08-19 11:12:41,737 [INFO] Serial connection lost:
2026-08-19 11:12:41,737 [INFO] [Errno 2] could not open port /dev/ttyUSB0: [Errno 2] No such file or directory: '/dev/ttyUSB0'
2026-08-19 11:12:43,068 [INFO] Serial connection lost:
2026-08-19 11:12:43,068 [INFO] [Errno 2] could not open port /dev/ttyUSB0: [Errno 2] No such file or directory: '/dev/ttyUSB0'
2026-08-19 11:12:44,569 [INFO] Serial connection lost:
2026-08-19 11:12:44,569 [INFO] [Errno 2] could not open port /dev/ttyUSB0: [Errno 2] No such file or directory: '/dev/ttyUSB0'
2026-08-19 11:12:46,070 [INFO] Serial connection lost:
2026-08-19 11:12:46,070 [INFO] [Errno 2] could not open port /dev/ttyUSB0: [Errno 2] No such file or directory: '/dev/ttyUSB0'
2026-08-19 11:12:47,572 [INFO] Serial connection lost:
2026-08-19 11:12:47,572 [INFO] [Errno 2] could not open port /dev/ttyUSB0: [Errno 2] No such file or directory: '/dev/ttyUSB0'
2026-08-19 11:12:49,073 [INFO] Serial connection lost:
2026-08-19 11:12:49,073 [INFO] [Errno 2] could not open port /dev/ttyUSB0: [Errno 2] No such file or directory: '/dev/ttyUSB0'
2026-08-19 11:12:50,590 [INFO] Serial connection lost:
2026-08-19 11:12:50,590 [INFO] [Errno 2] could not open port /dev/ttyUSB0: [Errno 2] No such file or directory: '/dev/ttyUSB0'
2026-08-19 11:12:52,104 [INFO] Serial connection lost:
2026-08-19 11:12:52,104 [INFO] [Errno 2] could not open port /dev/ttyUSB0: [Errno 2] No such file or directory: '/dev/ttyUSB0'
2026-08-19 11:12:53,626 [INFO] Serial connection lost:
2026-08-19 11:12:53,626 [INFO] [Errno 2] could not open port /dev/ttyUSB0: [Errno 2] No such file or directory: '/dev/ttyUSB0'
2026-08-19 11:12:55,079 [INFO] Serial connection lost:
2026-08-19 11:12:55,079 [INFO] [Errno 2] could not open port /dev/ttyUSB0: [Errno 2] No such file or directory: '/dev/ttyUSB0'
2026-08-19 11:12:56,625 [INFO] Serial connection lost:
2026-08-19 11:12:56,625 [INFO] [Errno 2] could not open port /dev/ttyUSB0: [Errno 2] No such file or directory: '/dev/ttyUSB0'
2026-08-19 11:12:58,110 [INFO] Serial connection lost:
2026-08-19 11:12:58,110 [INFO] [Errno 2] could not open port /dev/ttyUSB0: [Errno 2] No such file or directory: '/dev/ttyUSB0'
2026-08-19 11:12:59,583 [INFO] Serial connection lost:
2026-08-19 11:12:59,583 [INFO] [Errno 2] could not open port /dev/ttyUSB0: [Errno 2] No such file or directory: '/dev/ttyUSB0'
2026-08-19 11:13:01,085 [INFO] Serial connection lost:
2026-08-19 11:13:01,085 [INFO] [Errno 2] could not open port /dev/ttyUSB0: [Errno 2] No such file or directory: '/dev/ttyUSB0'
2026-08-19 11:13:02,599 [INFO] Serial connection lost:
2026-08-19 11:13:02,600 [INFO] [Errno 2] could not open port /dev/ttyUSB0: [Errno 2] No such file or directory: '/dev/ttyUSB0'
2026-08-19 11:13:04,089 [INFO] Serial connection lost:
2026-08-19 11:13:04,089 [INFO] [Errno 2] could not open port /dev/ttyUSB0: [Errno 2] No such file or directory: '/dev/ttyUSB0'
2026-08-19 11:13:05,637 [INFO] Serial connection lost:
2026-08-19 11:13:05,637 [INFO] [Errno 2] could not open port /dev/ttyUSB0: [Errno 2] No such file or directory: '/dev/ttyUSB0'
2026-08-19 11:13:07,126 [INFO] Serial connection lost:
2026-08-19 11:13:07,126 [INFO] [Errno 2] could not open port /dev/ttyUSB0: [Errno 2] No such file or directory: '/dev/ttyUSB0'
2026-08-19 11:13:08,592 [INFO] Serial connection lost:
2026-08-19 11:13:08,593 [INFO] [Errno 2] could not open port /dev/ttyUSB0: [Errno 2] No such file or directory: '/dev/ttyUSB0'
2026-08-19 11:13:09,335 [INFO] Switching to:
2026-08-19 11:13:09,335 [INFO] S PART3
2026-08-19 11:13:10,094 [INFO] Serial connection lost:
2026-08-19 11:13:10,094 [INFO] [Errno 2] could not open port /dev/ttyUSB0: [Errno 2] No such file or directory: '/dev/ttyUSB0'
2026-08-19 11:13:11,595 [INFO] Serial connection lost:
2026-08-19 11:13:11,595 [INFO] [Errno 2] could not open port /dev/ttyUSB0: [Errno 2] No such file or directory: '/dev/ttyUSB0'
2026-08-19 11:13:12,590 [INFO] Watchdog: no response from serial port in 30s, forcing reconnect
2026-08-19 11:13:13,097 [INFO] Serial connection lost:
2026-08-19 11:13:13,097 [INFO] [Errno 2] could not open port /dev/ttyUSB0: [Errno 2] No such file or directory: '/dev/ttyUSB0'
2026-08-19 11:13:14,607 [INFO] Serial connection lost:
2026-08-19 11:13:14,607 [INFO] [Errno 2] could not open port /dev/ttyUSB0: [Errno 2] No such file or directory: '/dev/ttyUSB0'
2026-08-19 11:13:16,143 [INFO] Serial connection lost:
2026-08-19 11:13:16,143 [INFO] [Errno 2] could not open port /dev/ttyUSB0: [Errno 2] No such file or directory: '/dev/ttyUSB0'
2026-08-19 11:13:17,601 [INFO] Serial connection lost:
2026-08-19 11:13:17,601 [INFO] [Errno 2] could not open port /dev/ttyUSB0: [Errno 2] No such file or directory: '/dev/ttyUSB0'
2026-08-19 11:13:19,102 [INFO] Serial connection lost:
2026-08-19 11:13:19,102 [INFO] [Errno 2] could not open port /dev/ttyUSB0: [Errno 2] No such file or directory: '/dev/ttyUSB0'
2026-08-19 11:13:20,604 [INFO] Serial connection lost:
2026-08-19 11:13:20,604 [INFO] [Errno 2] could not open port /dev/ttyUSB0: [Errno 2] No such file or directory: '/dev/ttyUSB0'
2026-08-19 11:13:22,140 [INFO] Serial connection lost:
2026-08-19 11:13:22,140 [INFO] [Errno 2] could not open port /dev/ttyUSB0: [Errno 2] No such file or directory: '/dev/ttyUSB0'
2026-08-19 11:13:23,672 [INFO] Serial connection lost:
2026-08-19 11:13:23,673 [INFO] [Errno 2] could not open port /dev/ttyUSB0: [Errno 2] No such file or directory: '/dev/ttyUSB0'
2026-08-19 11:13:25,132 [INFO] Serial connection lost:
2026-08-19 11:13:25,133 [INFO] [Errno 2] could not open port /dev/ttyUSB0: [Errno 2] No such file or directory: '/dev/ttyUSB0'
2026-08-19 11:13:26,610 [INFO] Serial connection lost:
2026-08-19 11:13:26,610 [INFO] [Errno 2] could not open port /dev/ttyUSB0: [Errno 2] No such file or directory: '/dev/ttyUSB0'
2026-08-19 11:13:28,111 [INFO] Serial connection lost:
2026-08-19 11:13:28,111 [INFO] [Errno 2] could not open port /dev/ttyUSB0: [Errno 2] No such file or directory: '/dev/ttyUSB0'
2026-08-19 11:13:29,613 [INFO] Serial connection lost:
2026-08-19 11:13:29,613 [INFO] [Errno 2] could not open port /dev/ttyUSB0: [Errno 2] No such file or directory: '/dev/ttyUSB0'
2026-08-19 11:13:31,114 [INFO] Serial connection lost:
2026-08-19 11:13:31,114 [INFO] [Errno 2] could not open port /dev/ttyUSB0: [Errno 2] No such file or directory: '/dev/ttyUSB0'
2026-08-19 11:13:32,615 [INFO] Serial connection lost:
2026-08-19 11:13:32,616 [INFO] [Errno 2] could not open port /dev/ttyUSB0: [Errno 2] No such file or directory: '/dev/ttyUSB0'
2026-08-19 11:13:34,117 [INFO] Serial connection lost:
2026-08-19 11:13:34,117 [INFO] [Errno 2] could not open port /dev/ttyUSB0: [Errno 2] No such file or directory: '/dev/ttyUSB0'
2026-08-19 11:13:35,618 [INFO] Serial connection lost:
2026-08-19 11:13:35,619 [INFO] [Errno 2] could not open port /dev/ttyUSB0: [Errno 2] No such file or directory: '/dev/ttyUSB0'
2026-08-19 11:13:37,120 [INFO] Serial connection lost:
2026-08-19 11:13:37,120 [INFO] [Errno 2] could not open port /dev/ttyUSB0: [Errno 2] No such file or directory: '/dev/ttyUSB0'
2026-08-19 11:13:38,621 [INFO] Serial connection lost:
2026-08-19 11:13:38,621 [INFO] [Errno 2] could not open port /dev/ttyUSB0: [Errno 2] No such file or directory: '/dev/ttyUSB0'
2026-08-19 11:13:40,123 [INFO] Serial connection lost:
2026-08-19 11:13:40,123 [INFO] [Errno 2] could not open port /dev/ttyUSB0: [Errno 2] No such file or directory: '/dev/ttyUSB0'
2026-08-19 11:13:41,624 [INFO] Serial connection lost:
2026-08-19 11:13:41,624 [INFO] [Errno 2] could not open port /dev/ttyUSB0: [Errno 2] No such file or directory: '/dev/ttyUSB0'
2026-08-19 11:13:43,126 [INFO] Serial connection lost:
2026-08-19 11:13:43,126 [INFO] [Errno 2] could not open port /dev/ttyUSB0: [Errno 2] No such file or directory: '/dev/ttyUSB0'
2026-08-19 11:13:43,524 [INFO] Watchdog: no response from serial port in 30s, forcing reconnect
2026-08-19 11:13:44,627 [INFO] Serial connection lost:
2026-08-19 11:13:44,627 [INFO] [Errno 2] could not open port /dev/ttyUSB0: [Errno 2] No such file or directory: '/dev/ttyUSB0'
2026-08-19 11:13:46,129 [INFO] Serial connection lost:
2026-08-19 11:13:46,129 [INFO] [Errno 2] could not open port /dev/ttyUSB0: [Errno 2] No such file or directory: '/dev/ttyUSB0'
2026-08-19 11:13:47,691 [INFO] Serial connection lost:
2026-08-19 11:13:47,691 [INFO] [Errno 2] could not open port /dev/ttyUSB0: [Errno 2] No such file or directory: '/dev/ttyUSB0'
2026-08-19 11:13:49,132 [INFO] Serial connection lost:
2026-08-19 11:13:49,132 [INFO] [Errno 2] could not open port /dev/ttyUSB0: [Errno 2] No such file or directory: '/dev/ttyUSB0'
2026-08-19 11:13:50,667 [INFO] Serial connection lost:
2026-08-19 11:13:50,667 [INFO] [Errno 2] could not open port /dev/ttyUSB0: [Errno 2] No such file or directory: '/dev/ttyUSB0'
2026-08-19 11:13:52,134 [INFO] Serial connection lost:
2026-08-19 11:13:52,134 [INFO] [Errno 2] could not open port /dev/ttyUSB0: [Errno 2] No such file or directory: '/dev/ttyUSB0'
2026-08-19 11:13:53,636 [INFO] Serial connection lost:
2026-08-19 11:13:53,636 [INFO] [Errno 2] could not open port /dev/ttyUSB0: [Errno 2] No such file or directory: '/dev/ttyUSB0'
2026-08-19 11:13:55,143 [INFO] Serial connection lost:
2026-08-19 11:13:55,143 [INFO] [Errno 2] could not open port /dev/ttyUSB0: [Errno 2] No such file or directory: '/dev/ttyUSB0'
2026-08-19 11:13:56,308 [INFO] Switching to:
2026-08-19 11:13:56,309 [INFO] S PART3
2026-08-19 11:13:56,643 [INFO] Serial connection lost:
2026-08-19 11:13:56,644 [INFO] [Errno 2] could not open port /dev/ttyUSB0: [Errno 2] No such file or directory: '/dev/ttyUSB0'
2026-08-19 11:13:58,140 [INFO] Serial connection lost:
2026-08-19 11:13:58,140 [INFO] [Errno 2] could not open port /dev/ttyUSB0: [Errno 2] No such file or directory: '/dev/ttyUSB0'
2026-08-19 11:13:59,641 [INFO] Serial connection lost:
2026-08-19 11:13:59,642 [INFO] [Errno 2] could not open port /dev/ttyUSB0: [Errno 2] No such file or directory: '/dev/ttyUSB0'
2026-08-19 11:14:01,143 [INFO] Serial connection lost:
2026-08-19 11:14:01,143 [INFO] [Errno 2] could not open port /dev/ttyUSB0: [Errno 2] No such file or directory: '/dev/ttyUSB0'
2026-08-19 11:14:02,672 [INFO] Serial connection lost:
2026-08-19 11:14:02,672 [INFO] [Errno 2] could not open port /dev/ttyUSB0: [Errno 2] No such file or directory: '/dev/ttyUSB0'
2026-08-19 11:14:04,146 [INFO] Serial connection lost:
2026-08-19 11:14:04,146 [INFO] [Errno 2] could not open port /dev/ttyUSB0: [Errno 2] No such file or directory: '/dev/ttyUSB0'
2026-08-19 11:14:05,647 [INFO] Serial connection lost:
2026-08-19 11:14:05,647 [INFO] [Errno 2] could not open port /dev/ttyUSB0: [Errno 2] No such file or directory: '/dev/ttyUSB0'
2026-08-19 11:14:07,149 [INFO] Serial connection lost:
2026-08-19 11:14:07,149 [INFO] [Errno 2] could not open port /dev/ttyUSB0: [Errno 2] No such file or directory: '/dev/ttyUSB0'
2026-08-19 11:14:08,650 [INFO] Serial connection lost:
2026-08-19 11:14:08,650 [INFO] [Errno 2] could not open port /dev/ttyUSB0: [Errno 2] No such file or directory: '/dev/ttyUSB0'
2026-08-19 11:14:10,151 [INFO] Serial connection lost:
2026-08-19 11:14:10,152 [INFO] [Errno 2] could not open port /dev/ttyUSB0: [Errno 2] No such file or directory: '/dev/ttyUSB0'
2026-08-19 11:14:11,691 [INFO] Serial connection lost:
2026-08-19 11:14:11,691 [INFO] [Errno 2] could not open port /dev/ttyUSB0: [Errno 2] No such file or directory: '/dev/ttyUSB0'
2026-08-19 11:14:13,155 [INFO] Serial connection lost:
2026-08-19 11:14:13,155 [INFO] [Errno 2] could not open port /dev/ttyUSB0: [Errno 2] No such file or directory: '/dev/ttyUSB0'
2026-08-19 11:14:13,524 [INFO] Watchdog: no response from serial port in 30s, forcing reconnect
2026-08-19 11:14:14,656 [INFO] Serial connection lost:
2026-08-19 11:14:14,656 [INFO] [Errno 2] could not open port /dev/ttyUSB0: [Errno 2] No such file or directory: '/dev/ttyUSB0'
2026-08-19 11:14:16,158 [INFO] Serial connection lost:
2026-08-19 11:14:16,158 [INFO] [Errno 2] could not open port /dev/ttyUSB0: [Errno 2] No such file or directory: '/dev/ttyUSB0'
2026-08-19 11:14:17,659 [INFO] Serial connection lost:
2026-08-19 11:14:17,659 [INFO] [Errno 2] could not open port /dev/ttyUSB0: [Errno 2] No such file or directory: '/dev/ttyUSB0'
2026-08-19 11:14:19,160 [INFO] Serial connection lost:
2026-08-19 11:14:19,161 [INFO] [Errno 2] could not open port /dev/ttyUSB0: [Errno 2] No such file or directory: '/dev/ttyUSB0'
2026-08-19 11:14:20,662 [INFO] Serial connection lost:
2026-08-19 11:14:20,662 [INFO] [Errno 2] could not open port /dev/ttyUSB0: [Errno 2] No such file or directory: '/dev/ttyUSB0'
2026-08-19 11:14:22,163 [INFO] Serial connection lost:
2026-08-19 11:14:22,163 [INFO] [Errno 2] could not open port /dev/ttyUSB0: [Errno 2] No such file or directory: '/dev/ttyUSB0'
2026-08-19 11:14:23,665 [INFO] Serial connection lost:
2026-08-19 11:14:23,665 [INFO] [Errno 2] could not open port /dev/ttyUSB0: [Errno 2] No such file or directory: '/dev/ttyUSB0'
2026-08-19 11:14:25,166 [INFO] Serial connection lost:
2026-08-19 11:14:25,166 [INFO] [Errno 2] could not open port /dev/ttyUSB0: [Errno 2] No such file or directory: '/dev/ttyUSB0'
2026-08-19 11:14:26,667 [INFO] Serial connection lost:
2026-08-19 11:14:26,668 [INFO] [Errno 2] could not open port /dev/ttyUSB0: [Errno 2] No such file or directory: '/dev/ttyUSB0'
2026-08-19 11:14:28,069 [INFO] Serial disconnected
2026-08-19 11:16:52,716 [INFO] Production data loaded successfully.
2026-08-19 11:16:52,717 [INFO] {'1': {'ok': 6, 'ng': 8, 'total': 14}, '2': {'ok': 1, 'ng': 0, 'total': 1}, '3': {'ok': 48, 'ng': 54, 'total': 102}, '4': {'ok': 0, 'ng': 0, 'total': 0}}
2026-08-19 11:16:52,717 [INFO] gpiod not installed - GPIO disabled
2026-08-19 11:16:52,717 [INFO] Backend initialized
2026-08-19 11:16:52,803 [INFO] Serial connection lost:
2026-08-19 11:16:52,803 [INFO] [Errno 2] could not open port /dev/ttyUSB0: [Errno 2] No such file or directory: '/dev/ttyUSB0'
2026-08-19 11:16:54,219 [INFO] Serial connection lost:
2026-08-19 11:16:54,219 [INFO] [Errno 2] could not open port /dev/ttyUSB0: [Errno 2] No such file or directory: '/dev/ttyUSB0'
2026-08-19 11:16:55,721 [INFO] Serial connection lost:
2026-08-19 11:16:55,721 [INFO] [Errno 2] could not open port /dev/ttyUSB0: [Errno 2] No such file or directory: '/dev/ttyUSB0'
2026-08-19 11:16:57,222 [INFO] Serial connection lost:
2026-08-19 11:16:57,222 [INFO] [Errno 2] could not open port /dev/ttyUSB0: [Errno 2] No such file or directory: '/dev/ttyUSB0'
2026-08-19 11:16:58,723 [INFO] Serial connection lost:
2026-08-19 11:16:58,724 [INFO] [Errno 2] could not open port /dev/ttyUSB0: [Errno 2] No such file or directory: '/dev/ttyUSB0'
2026-08-19 11:17:00,225 [INFO] Serial connection lost:
2026-08-19 11:17:00,225 [INFO] [Errno 2] could not open port /dev/ttyUSB0: [Errno 2] No such file or directory: '/dev/ttyUSB0'
2026-08-19 11:17:01,726 [INFO] Serial connection lost:
2026-08-19 11:17:01,726 [INFO] [Errno 2] could not open port /dev/ttyUSB0: [Errno 2] No such file or directory: '/dev/ttyUSB0'
2026-08-19 11:17:03,228 [INFO] Serial connection lost:
2026-08-19 11:17:03,228 [INFO] [Errno 2] could not open port /dev/ttyUSB0: [Errno 2] No such file or directory: '/dev/ttyUSB0'
2026-08-19 11:17:04,766 [INFO] Serial connection lost:
2026-08-19 11:17:04,767 [INFO] [Errno 2] could not open port /dev/ttyUSB0: [Errno 2] No such file or directory: '/dev/ttyUSB0'
2026-08-19 11:17:06,248 [INFO] Serial connection lost:
2026-08-19 11:17:06,248 [INFO] [Errno 2] could not open port /dev/ttyUSB0: [Errno 2] No such file or directory: '/dev/ttyUSB0'
2026-08-19 11:17:07,732 [INFO] Serial connection lost:
2026-08-19 11:17:07,732 [INFO] [Errno 2] could not open port /dev/ttyUSB0: [Errno 2] No such file or directory: '/dev/ttyUSB0'
2026-08-19 11:17:08,445 [INFO] Switching to:
2026-08-19 11:17:08,445 [INFO] S PART1
2026-08-19 11:17:09,233 [INFO] Serial connection lost:
2026-08-19 11:17:09,233 [INFO] [Errno 2] could not open port /dev/ttyUSB0: [Errno 2] No such file or directory: '/dev/ttyUSB0'
2026-08-19 11:17:10,735 [INFO] Serial connection lost:
2026-08-19 11:17:10,735 [INFO] [Errno 2] could not open port /dev/ttyUSB0: [Errno 2] No such file or directory: '/dev/ttyUSB0'
2026-08-19 11:17:12,236 [INFO] Serial connection lost:
2026-08-19 11:17:12,236 [INFO] [Errno 2] could not open port /dev/ttyUSB0: [Errno 2] No such file or directory: '/dev/ttyUSB0'
2026-08-19 11:17:13,738 [INFO] Serial connection lost:
2026-08-19 11:17:13,738 [INFO] [Errno 2] could not open port /dev/ttyUSB0: [Errno 2] No such file or directory: '/dev/ttyUSB0'
2026-08-19 11:17:15,239 [INFO] Serial connection lost:
2026-08-19 11:17:15,239 [INFO] [Errno 2] could not open port /dev/ttyUSB0: [Errno 2] No such file or directory: '/dev/ttyUSB0'
2026-08-19 11:17:16,805 [INFO] Serial connection lost:
2026-08-19 11:17:16,805 [INFO] [Errno 2] could not open port /dev/ttyUSB0: [Errno 2] No such file or directory: '/dev/ttyUSB0'
2026-08-19 11:17:18,242 [INFO] Serial connection lost:
2026-08-19 11:17:18,242 [INFO] [Errno 2] could not open port /dev/ttyUSB0: [Errno 2] No such file or directory: '/dev/ttyUSB0'
2026-08-19 11:17:19,743 [INFO] Serial connection lost:
2026-08-19 11:17:19,743 [INFO] [Errno 2] could not open port /dev/ttyUSB0: [Errno 2] No such file or directory: '/dev/ttyUSB0'
2026-08-19 11:17:21,245 [INFO] Serial connection lost:
2026-08-19 11:17:21,245 [INFO] [Errno 2] could not open port /dev/ttyUSB0: [Errno 2] No such file or directory: '/dev/ttyUSB0'
2026-08-19 11:17:22,746 [INFO] Serial connection lost:
2026-08-19 11:17:22,746 [INFO] [Errno 2] could not open port /dev/ttyUSB0: [Errno 2] No such file or directory: '/dev/ttyUSB0'
2026-08-19 11:17:23,524 [INFO] Watchdog: no response from serial port in 30s, forcing reconnect
2026-08-19 11:17:24,247 [INFO] Serial connection lost:
2026-08-19 11:17:24,248 [INFO] [Errno 2] could not open port /dev/ttyUSB0: [Errno 2] No such file or directory: '/dev/ttyUSB0'
2026-08-19 11:17:25,762 [INFO] Serial connection lost:
2026-08-19 11:17:25,762 [INFO] [Errno 2] could not open port /dev/ttyUSB0: [Errno 2] No such file or directory: '/dev/ttyUSB0'
2026-08-19 11:17:27,250 [INFO] Serial connection lost:
2026-08-19 11:17:27,250 [INFO] [Errno 2] could not open port /dev/ttyUSB0: [Errno 2] No such file or directory: '/dev/ttyUSB0'
2026-08-19 11:17:28,752 [INFO] Serial connection lost:
2026-08-19 11:17:28,752 [INFO] [Errno 2] could not open port /dev/ttyUSB0: [Errno 2] No such file or directory: '/dev/ttyUSB0'
2026-08-19 11:17:30,266 [INFO] Serial connection lost:
2026-08-19 11:17:30,266 [INFO] [Errno 2] could not open port /dev/ttyUSB0: [Errno 2] No such file or directory: '/dev/ttyUSB0'
2026-08-19 11:17:31,812 [INFO] Serial connection lost:
2026-08-19 11:17:31,813 [INFO] [Errno 2] could not open port /dev/ttyUSB0: [Errno 2] No such file or directory: '/dev/ttyUSB0'
2026-08-19 11:17:33,271 [INFO] Serial connection lost:
2026-08-19 11:17:33,271 [INFO] [Errno 2] could not open port /dev/ttyUSB0: [Errno 2] No such file or directory: '/dev/ttyUSB0'
2026-08-19 11:17:34,773 [INFO] Serial connection lost:
2026-08-19 11:17:34,773 [INFO] [Errno 2] could not open port /dev/ttyUSB0: [Errno 2] No such file or directory: '/dev/ttyUSB0'
2026-08-19 11:17:36,259 [INFO] Serial connection lost:
2026-08-19 11:17:36,259 [INFO] [Errno 2] could not open port /dev/ttyUSB0: [Errno 2] No such file or directory: '/dev/ttyUSB0'
2026-08-19 11:17:37,760 [INFO] Serial connection lost:
2026-08-19 11:17:37,761 [INFO] [Errno 2] could not open port /dev/ttyUSB0: [Errno 2] No such file or directory: '/dev/ttyUSB0'
2026-08-19 11:17:39,262 [INFO] Serial connection lost:
2026-08-19 11:17:39,262 [INFO] [Errno 2] could not open port /dev/ttyUSB0: [Errno 2] No such file or directory: '/dev/ttyUSB0'
2026-08-19 11:17:40,763 [INFO] Serial connection lost:
2026-08-19 11:17:40,763 [INFO] [Errno 2] could not open port /dev/ttyUSB0: [Errno 2] No such file or directory: '/dev/ttyUSB0'
2026-08-19 11:17:41,164 [INFO] Serial disconnected
2026-08-19 11:23:36,854 [INFO] Production data loaded successfully.
2026-08-19 11:23:36,855 [INFO] {'1': {'ok': 6, 'ng': 8, 'total': 14}, '2': {'ok': 1, 'ng': 0, 'total': 1}, '3': {'ok': 48, 'ng': 54, 'total': 102}, '4': {'ok': 0, 'ng': 0, 'total': 0}}
2026-08-19 11:23:36,855 [INFO] gpiod not installed - GPIO disabled
2026-08-19 11:23:36,855 [INFO] Backend initialized
2026-08-19 11:23:36,945 [INFO] Serial connection lost:
2026-08-19 11:23:36,946 [INFO] [Errno 2] could not open port /dev/ttyUSB0: [Errno 2] No such file or directory: '/dev/ttyUSB0'
2026-08-19 11:23:38,357 [INFO] Serial connection lost:
2026-08-19 11:23:38,357 [INFO] [Errno 2] could not open port /dev/ttyUSB0: [Errno 2] No such file or directory: '/dev/ttyUSB0'
2026-08-19 11:23:38,905 [INFO] Switching to:
2026-08-19 11:23:38,906 [INFO] S PART1
2026-08-19 11:23:39,859 [INFO] Serial connection lost:
2026-08-19 11:23:39,859 [INFO] [Errno 2] could not open port /dev/ttyUSB0: [Errno 2] No such file or directory: '/dev/ttyUSB0'
2026-08-19 11:23:41,360 [INFO] Serial connection lost:
2026-08-19 11:23:41,360 [INFO] [Errno 2] could not open port /dev/ttyUSB0: [Errno 2] No such file or directory: '/dev/ttyUSB0'
2026-08-19 11:23:42,861 [INFO] Serial connection lost:
2026-08-19 11:23:42,862 [INFO] [Errno 2] could not open port /dev/ttyUSB0: [Errno 2] No such file or directory: '/dev/ttyUSB0'
2026-08-19 11:23:44,363 [INFO] Serial connection lost:
2026-08-19 11:23:44,363 [INFO] [Errno 2] could not open port /dev/ttyUSB0: [Errno 2] No such file or directory: '/dev/ttyUSB0'
2026-08-19 11:23:44,525 [INFO] Switching to:
2026-08-19 11:23:44,525 [INFO] S PART2
2026-08-19 11:23:45,864 [INFO] Serial connection lost:
2026-08-19 11:23:45,864 [INFO] [Errno 2] could not open port /dev/ttyUSB0: [Errno 2] No such file or directory: '/dev/ttyUSB0'
2026-08-19 11:23:47,069 [INFO] Switching to:
2026-08-19 11:23:47,069 [INFO] S PART3
2026-08-19 11:23:47,365 [INFO] Serial connection lost:
2026-08-19 11:23:47,365 [INFO] [Errno 2] could not open port /dev/ttyUSB0: [Errno 2] No such file or directory: '/dev/ttyUSB0'
2026-08-19 11:23:48,867 [INFO] Serial connection lost:
2026-08-19 11:23:48,867 [INFO] [Errno 2] could not open port /dev/ttyUSB0: [Errno 2] No such file or directory: '/dev/ttyUSB0'
2026-08-19 11:23:50,368 [INFO] Serial connection lost:
2026-08-19 11:23:50,368 [INFO] [Errno 2] could not open port /dev/ttyUSB0: [Errno 2] No such file or directory: '/dev/ttyUSB0'
2026-08-19 11:23:51,070 [INFO] Switching to:
2026-08-19 11:23:51,070 [INFO] S PART4
2026-08-19 11:23:51,869 [INFO] Serial connection lost:
2026-08-19 11:23:51,870 [INFO] [Errno 2] could not open port /dev/ttyUSB0: [Errno 2] No such file or directory: '/dev/ttyUSB0'
2026-08-19 11:23:53,371 [INFO] Serial connection lost:
2026-08-19 11:23:53,371 [INFO] [Errno 2] could not open port /dev/ttyUSB0: [Errno 2] No such file or directory: '/dev/ttyUSB0'
2026-08-19 11:23:54,872 [INFO] Serial connection lost:
2026-08-19 11:23:54,872 [INFO] [Errno 2] could not open port /dev/ttyUSB0: [Errno 2] No such file or directory: '/dev/ttyUSB0'
2026-08-19 11:23:56,373 [INFO] Serial connection lost:
2026-08-19 11:23:56,374 [INFO] [Errno 2] could not open port /dev/ttyUSB0: [Errno 2] No such file or directory: '/dev/ttyUSB0'
2026-08-19 11:23:57,875 [INFO] Serial connection lost:
2026-08-19 11:23:57,875 [INFO] [Errno 2] could not open port /dev/ttyUSB0: [Errno 2] No such file or directory: '/dev/ttyUSB0'
2026-08-19 11:23:59,376 [INFO] Serial connection lost:
2026-08-19 11:23:59,376 [INFO] [Errno 2] could not open port /dev/ttyUSB0: [Errno 2] No such file or directory: '/dev/ttyUSB0'
2026-08-19 11:24:00,878 [INFO] Serial connection lost:
2026-08-19 11:24:00,878 [INFO] [Errno 2] could not open port /dev/ttyUSB0: [Errno 2] No such file or directory: '/dev/ttyUSB0'
2026-08-19 11:24:02,396 [INFO] Serial connection lost:
2026-08-19 11:24:02,396 [INFO] [Errno 2] could not open port /dev/ttyUSB0: [Errno 2] No such file or directory: '/dev/ttyUSB0'
2026-08-19 11:24:03,880 [INFO] Serial connection lost:
2026-08-19 11:24:03,880 [INFO] [Errno 2] could not open port /dev/ttyUSB0: [Errno 2] No such file or directory: '/dev/ttyUSB0'
2026-08-19 11:24:05,382 [INFO] Serial connection lost:
2026-08-19 11:24:05,382 [INFO] [Errno 2] could not open port /dev/ttyUSB0: [Errno 2] No such file or directory: '/dev/ttyUSB0'
2026-08-19 11:24:06,883 [INFO] Serial connection lost:
2026-08-19 11:24:06,883 [INFO] [Errno 2] could not open port /dev/ttyUSB0: [Errno 2] No such file or directory: '/dev/ttyUSB0'
2026-08-19 11:24:07,024 [INFO] Watchdog: no response from serial port in 30s, forcing reconnect
2026-08-19 11:24:08,384 [INFO] Serial connection lost:
2026-08-19 11:24:08,384 [INFO] [Errno 2] could not open port /dev/ttyUSB0: [Errno 2] No such file or directory: '/dev/ttyUSB0'
2026-08-19 11:24:09,886 [INFO] Serial connection lost:
2026-08-19 11:24:09,886 [INFO] [Errno 2] could not open port /dev/ttyUSB0: [Errno 2] No such file or directory: '/dev/ttyUSB0'
2026-08-19 11:24:10,386 [INFO] Serial disconnected
2026-08-19 11:25:35,279 [INFO] Production data loaded successfully.
2026-08-19 11:25:35,279 [INFO] {'1': {'ok': 6, 'ng': 8, 'total': 14}, '2': {'ok': 1, 'ng': 0, 'total': 1}, '3': {'ok': 48, 'ng': 54, 'total': 102}, '4': {'ok': 0, 'ng': 0, 'total': 0}}
2026-08-19 11:25:35,279 [INFO] gpiod not installed - GPIO disabled
2026-08-19 11:25:35,280 [INFO] Backend initialized
2026-08-19 11:25:35,373 [INFO] Serial connection lost:
2026-08-19 11:25:35,373 [INFO] [Errno 2] could not open port /dev/ttyUSB0: [Errno 2] No such file or directory: '/dev/ttyUSB0'
2026-08-19 11:25:36,782 [INFO] Serial connection lost:
2026-08-19 11:25:36,782 [INFO] [Errno 2] could not open port /dev/ttyUSB0: [Errno 2] No such file or directory: '/dev/ttyUSB0'
2026-08-19 11:25:38,283 [INFO] Serial connection lost:
2026-08-19 11:25:38,283 [INFO] [Errno 2] could not open port /dev/ttyUSB0: [Errno 2] No such file or directory: '/dev/ttyUSB0'
2026-08-19 11:25:39,785 [INFO] Serial connection lost:
2026-08-19 11:25:39,785 [INFO] [Errno 2] could not open port /dev/ttyUSB0: [Errno 2] No such file or directory: '/dev/ttyUSB0'
2026-08-19 11:25:41,337 [INFO] Serial connection lost:
2026-08-19 11:25:41,337 [INFO] [Errno 2] could not open port /dev/ttyUSB0: [Errno 2] No such file or directory: '/dev/ttyUSB0'
2026-08-19 11:25:42,809 [INFO] Serial connection lost:
2026-08-19 11:25:42,809 [INFO] [Errno 2] could not open port /dev/ttyUSB0: [Errno 2] No such file or directory: '/dev/ttyUSB0'
2026-08-19 11:25:44,289 [INFO] Serial connection lost:
2026-08-19 11:25:44,289 [INFO] [Errno 2] could not open port /dev/ttyUSB0: [Errno 2] No such file or directory: '/dev/ttyUSB0'
2026-08-19 11:25:44,805 [INFO] Switching to:
2026-08-19 11:25:44,805 [INFO] S PART1
2026-08-19 11:25:45,790 [INFO] Serial connection lost:
2026-08-19 11:25:45,790 [INFO] [Errno 2] could not open port /dev/ttyUSB0: [Errno 2] No such file or directory: '/dev/ttyUSB0'
2026-08-19 11:25:47,292 [INFO] Serial connection lost:
2026-08-19 11:25:47,292 [INFO] [Errno 2] could not open port /dev/ttyUSB0: [Errno 2] No such file or directory: '/dev/ttyUSB0'
2026-08-19 11:25:48,793 [INFO] Serial connection lost:
2026-08-19 11:25:48,793 [INFO] [Errno 2] could not open port /dev/ttyUSB0: [Errno 2] No such file or directory: '/dev/ttyUSB0'
2026-08-19 11:25:50,294 [INFO] Serial connection lost:
2026-08-19 11:25:50,295 [INFO] [Errno 2] could not open port /dev/ttyUSB0: [Errno 2] No such file or directory: '/dev/ttyUSB0'
2026-08-19 11:25:51,796 [INFO] Serial connection lost:
2026-08-19 11:25:51,796 [INFO] [Errno 2] could not open port /dev/ttyUSB0: [Errno 2] No such file or directory: '/dev/ttyUSB0'
2026-08-19 11:25:53,297 [INFO] Serial connection lost:
2026-08-19 11:25:53,297 [INFO] [Errno 2] could not open port /dev/ttyUSB0: [Errno 2] No such file or directory: '/dev/ttyUSB0'
2026-08-19 11:25:54,799 [INFO] Serial connection lost:
2026-08-19 11:25:54,799 [INFO] [Errno 2] could not open port /dev/ttyUSB0: [Errno 2] No such file or directory: '/dev/ttyUSB0'
2026-08-19 11:25:55,800 [INFO] Serial disconnected
2026-08-19 11:43:51,213 [INFO] Production data loaded successfully.
2026-08-19 11:43:51,213 [INFO] {'1': {'ok': 6, 'ng': 8, 'total': 14}, '2': {'ok': 1, 'ng': 0, 'total': 1}, '3': {'ok': 48, 'ng': 54, 'total': 102}, '4': {'ok': 0, 'ng': 0, 'total': 0}}
2026-08-19 11:43:51,214 [INFO] gpiod not installed - GPIO disabled
2026-08-19 11:43:51,214 [INFO] Backend initialized
2026-08-19 11:43:51,307 [INFO] Serial connection lost:
2026-08-19 11:43:51,307 [INFO] [Errno 2] could not open port /dev/ttyUSB0: [Errno 2] No such file or directory: '/dev/ttyUSB0'
2026-08-19 11:43:52,716 [INFO] Serial connection lost:
2026-08-19 11:43:52,716 [INFO] [Errno 2] could not open port /dev/ttyUSB0: [Errno 2] No such file or directory: '/dev/ttyUSB0'
2026-08-19 11:43:54,217 [INFO] Serial connection lost:
2026-08-19 11:43:54,218 [INFO] [Errno 2] could not open port /dev/ttyUSB0: [Errno 2] No such file or directory: '/dev/ttyUSB0'
2026-08-19 11:43:55,719 [INFO] Serial connection lost:
2026-08-19 11:43:55,719 [INFO] [Errno 2] could not open port /dev/ttyUSB0: [Errno 2] No such file or directory: '/dev/ttyUSB0'
2026-08-19 11:43:57,220 [INFO] Serial connection lost:
2026-08-19 11:43:57,220 [INFO] [Errno 2] could not open port /dev/ttyUSB0: [Errno 2] No such file or directory: '/dev/ttyUSB0'
2026-08-19 11:43:58,722 [INFO] Serial connection lost:
2026-08-19 11:43:58,722 [INFO] [Errno 2] could not open port /dev/ttyUSB0: [Errno 2] No such file or directory: '/dev/ttyUSB0'
2026-08-19 11:44:00,223 [INFO] Serial connection lost:
2026-08-19 11:44:00,223 [INFO] [Errno 2] could not open port /dev/ttyUSB0: [Errno 2] No such file or directory: '/dev/ttyUSB0'
2026-08-19 11:44:01,728 [INFO] Serial connection lost:
2026-08-19 11:44:01,728 [INFO] [Errno 2] could not open port /dev/ttyUSB0: [Errno 2] No such file or directory: '/dev/ttyUSB0'
2026-08-19 11:44:03,226 [INFO] Serial connection lost:
2026-08-19 11:44:03,226 [INFO] [Errno 2] could not open port /dev/ttyUSB0: [Errno 2] No such file or directory: '/dev/ttyUSB0'
2026-08-19 11:44:04,734 [INFO] Serial connection lost:
2026-08-19 11:44:04,734 [INFO] [Errno 2] could not open port /dev/ttyUSB0: [Errno 2] No such file or directory: '/dev/ttyUSB0'
2026-08-19 11:44:06,270 [INFO] Serial connection lost:
2026-08-19 11:44:06,270 [INFO] [Errno 2] could not open port /dev/ttyUSB0: [Errno 2] No such file or directory: '/dev/ttyUSB0'
2026-08-19 11:44:07,770 [INFO] Serial connection lost:
2026-08-19 11:44:07,770 [INFO] [Errno 2] could not open port /dev/ttyUSB0: [Errno 2] No such file or directory: '/dev/ttyUSB0'
2026-08-19 11:44:09,232 [INFO] Serial connection lost:
2026-08-19 11:44:09,232 [INFO] [Errno 2] could not open port /dev/ttyUSB0: [Errno 2] No such file or directory: '/dev/ttyUSB0'
2026-08-19 11:44:10,733 [INFO] Serial connection lost:
2026-08-19 11:44:10,733 [INFO] [Errno 2] could not open port /dev/ttyUSB0: [Errno 2] No such file or directory: '/dev/ttyUSB0'
2026-08-19 11:44:11,940 [INFO] Switching to:
2026-08-19 11:44:11,940 [INFO] S PART1
2026-08-19 11:44:12,239 [INFO] Serial connection lost:
2026-08-19 11:44:12,239 [INFO] [Errno 2] could not open port /dev/ttyUSB0: [Errno 2] No such file or directory: '/dev/ttyUSB0'
2026-08-19 11:44:13,784 [INFO] Serial connection lost:
2026-08-19 11:44:13,785 [INFO] [Errno 2] could not open port /dev/ttyUSB0: [Errno 2] No such file or directory: '/dev/ttyUSB0'
2026-08-19 11:44:15,237 [INFO] Serial connection lost:
2026-08-19 11:44:15,237 [INFO] [Errno 2] could not open port /dev/ttyUSB0: [Errno 2] No such file or directory: '/dev/ttyUSB0'
2026-08-19 11:44:16,766 [INFO] Serial connection lost:
2026-08-19 11:44:16,766 [INFO] [Errno 2] could not open port /dev/ttyUSB0: [Errno 2] No such file or directory: '/dev/ttyUSB0'
2026-08-19 11:44:18,287 [INFO] Serial connection lost:
2026-08-19 11:44:18,287 [INFO] [Errno 2] could not open port /dev/ttyUSB0: [Errno 2] No such file or directory: '/dev/ttyUSB0'
2026-08-19 11:44:19,755 [INFO] Serial connection lost:
2026-08-19 11:44:19,755 [INFO] [Errno 2] could not open port /dev/ttyUSB0: [Errno 2] No such file or directory: '/dev/ttyUSB0'
2026-08-19 11:44:21,268 [INFO] Serial connection lost:
2026-08-19 11:44:21,269 [INFO] [Errno 2] could not open port /dev/ttyUSB0: [Errno 2] No such file or directory: '/dev/ttyUSB0'
2026-08-19 11:44:22,086 [INFO] Watchdog: no response from serial port in 30s, forcing reconnect
2026-08-19 11:44:22,817 [INFO] Serial connection lost:
2026-08-19 11:44:22,817 [INFO] [Errno 2] could not open port /dev/ttyUSB0: [Errno 2] No such file or directory: '/dev/ttyUSB0'
2026-08-19 11:44:24,246 [INFO] Serial connection lost:
2026-08-19 11:44:24,246 [INFO] [Errno 2] could not open port /dev/ttyUSB0: [Errno 2] No such file or directory: '/dev/ttyUSB0'
2026-08-19 11:44:25,747 [INFO] Serial connection lost:
2026-08-19 11:44:25,747 [INFO] [Errno 2] could not open port /dev/ttyUSB0: [Errno 2] No such file or directory: '/dev/ttyUSB0'
2026-08-19 11:44:27,268 [INFO] Serial connection lost:
2026-08-19 11:44:27,268 [INFO] [Errno 2] could not open port /dev/ttyUSB0: [Errno 2] No such file or directory: '/dev/ttyUSB0'
2026-08-19 11:44:28,802 [INFO] Serial connection lost:
2026-08-19 11:44:28,802 [INFO] [Errno 2] could not open port /dev/ttyUSB0: [Errno 2] No such file or directory: '/dev/ttyUSB0'
2026-08-19 11:44:30,252 [INFO] Serial connection lost:
2026-08-19 11:44:30,252 [INFO] [Errno 2] could not open port /dev/ttyUSB0: [Errno 2] No such file or directory: '/dev/ttyUSB0'
2026-08-19 11:44:31,753 [INFO] Serial connection lost:
2026-08-19 11:44:31,753 [INFO] [Errno 2] could not open port /dev/ttyUSB0: [Errno 2] No such file or directory: '/dev/ttyUSB0'
2026-08-19 11:44:33,255 [INFO] Serial connection lost:
2026-08-19 11:44:33,255 [INFO] [Errno 2] could not open port /dev/ttyUSB0: [Errno 2] No such file or directory: '/dev/ttyUSB0'
2026-08-19 11:44:34,756 [INFO] Serial connection lost:
2026-08-19 11:44:34,756 [INFO] [Errno 2] could not open port /dev/ttyUSB0: [Errno 2] No such file or directory: '/dev/ttyUSB0'
2026-08-19 11:44:35,256 [INFO] Serial disconnected
2026-08-19 11:45:37,540 [INFO] Production data loaded successfully.
2026-08-19 11:45:37,540 [INFO] {'1': {'ok': 6, 'ng': 8, 'total': 14}, '2': {'ok': 1, 'ng': 0, 'total': 1}, '3': {'ok': 48, 'ng': 54, 'total': 102}, '4': {'ok': 0, 'ng': 0, 'total': 0}}
2026-08-19 11:45:37,541 [INFO] gpiod not installed - GPIO disabled
2026-08-19 11:45:37,541 [INFO] Backend initialized
2026-08-19 11:45:37,645 [INFO] Serial connection lost:
2026-08-19 11:45:37,645 [INFO] [Errno 2] could not open port /dev/ttyUSB0: [Errno 2] No such file or directory: '/dev/ttyUSB0'
2026-08-19 11:45:39,043 [INFO] Serial connection lost:
2026-08-19 11:45:39,043 [INFO] [Errno 2] could not open port /dev/ttyUSB0: [Errno 2] No such file or directory: '/dev/ttyUSB0'
2026-08-19 11:45:40,544 [INFO] Serial connection lost:
2026-08-19 11:45:40,545 [INFO] [Errno 2] could not open port /dev/ttyUSB0: [Errno 2] No such file or directory: '/dev/ttyUSB0'
2026-08-19 11:45:42,046 [INFO] Serial connection lost:
2026-08-19 11:45:42,046 [INFO] [Errno 2] could not open port /dev/ttyUSB0: [Errno 2] No such file or directory: '/dev/ttyUSB0'
2026-08-19 11:45:43,547 [INFO] Serial connection lost:
2026-08-19 11:45:43,547 [INFO] [Errno 2] could not open port /dev/ttyUSB0: [Errno 2] No such file or directory: '/dev/ttyUSB0'
2026-08-19 11:45:45,076 [INFO] Serial connection lost:
2026-08-19 11:45:45,076 [INFO] [Errno 2] could not open port /dev/ttyUSB0: [Errno 2] No such file or directory: '/dev/ttyUSB0'
2026-08-19 11:45:46,550 [INFO] Serial connection lost:
2026-08-19 11:45:46,550 [INFO] [Errno 2] could not open port /dev/ttyUSB0: [Errno 2] No such file or directory: '/dev/ttyUSB0'
2026-08-19 11:45:48,051 [INFO] Serial connection lost:
2026-08-19 11:45:48,052 [INFO] [Errno 2] could not open port /dev/ttyUSB0: [Errno 2] No such file or directory: '/dev/ttyUSB0'
2026-08-19 11:45:49,554 [INFO] Serial connection lost:
2026-08-19 11:45:49,555 [INFO] [Errno 2] could not open port /dev/ttyUSB0: [Errno 2] No such file or directory: '/dev/ttyUSB0'
2026-08-19 11:45:51,054 [INFO] Serial connection lost:
2026-08-19 11:45:51,054 [INFO] [Errno 2] could not open port /dev/ttyUSB0: [Errno 2] No such file or directory: '/dev/ttyUSB0'
2026-08-19 11:45:52,556 [INFO] Serial connection lost:
2026-08-19 11:45:52,556 [INFO] [Errno 2] could not open port /dev/ttyUSB0: [Errno 2] No such file or directory: '/dev/ttyUSB0'
2026-08-19 11:45:54,057 [INFO] Serial connection lost:
2026-08-19 11:45:54,057 [INFO] [Errno 2] could not open port /dev/ttyUSB0: [Errno 2] No such file or directory: '/dev/ttyUSB0'
2026-08-19 11:45:54,958 [INFO] Serial disconnected
2026-08-19 11:47:08,684 [INFO] Production data loaded successfully.
2026-08-19 11:47:08,684 [INFO] {'1': {'ok': 6, 'ng': 8, 'total': 14}, '2': {'ok': 1, 'ng': 0, 'total': 1}, '3': {'ok': 48, 'ng': 54, 'total': 102}, '4': {'ok': 0, 'ng': 0, 'total': 0}}
2026-08-19 11:47:08,685 [INFO] gpiod not installed - GPIO disabled
2026-08-19 11:47:08,685 [INFO] Backend initialized
2026-08-19 11:47:08,767 [INFO] Serial connection lost:
2026-08-19 11:47:08,767 [INFO] [Errno 2] could not open port /dev/ttyUSB0: [Errno 2] No such file or directory: '/dev/ttyUSB0'
2026-08-19 11:47:10,188 [INFO] Serial connection lost:
2026-08-19 11:47:10,188 [INFO] [Errno 2] could not open port /dev/ttyUSB0: [Errno 2] No such file or directory: '/dev/ttyUSB0'
2026-08-19 11:47:11,689 [INFO] Serial connection lost:
2026-08-19 11:47:11,690 [INFO] [Errno 2] could not open port /dev/ttyUSB0: [Errno 2] No such file or directory: '/dev/ttyUSB0'
2026-08-19 11:47:13,191 [INFO] Serial connection lost:
2026-08-19 11:47:13,191 [INFO] [Errno 2] could not open port /dev/ttyUSB0: [Errno 2] No such file or directory: '/dev/ttyUSB0'
2026-08-19 11:47:14,692 [INFO] Serial connection lost:
2026-08-19 11:47:14,692 [INFO] [Errno 2] could not open port /dev/ttyUSB0: [Errno 2] No such file or directory: '/dev/ttyUSB0'
2026-08-19 11:47:16,194 [INFO] Serial connection lost:
2026-08-19 11:47:16,194 [INFO] [Errno 2] could not open port /dev/ttyUSB0: [Errno 2] No such file or directory: '/dev/ttyUSB0'
2026-08-19 11:47:17,751 [INFO] Serial connection lost:
2026-08-19 11:47:17,751 [INFO] [Errno 2] could not open port /dev/ttyUSB0: [Errno 2] No such file or directory: '/dev/ttyUSB0'
2026-08-19 11:47:19,216 [INFO] Serial connection lost:
2026-08-19 11:47:19,216 [INFO] [Errno 2] could not open port /dev/ttyUSB0: [Errno 2] No such file or directory: '/dev/ttyUSB0'
2026-08-19 11:47:20,721 [INFO] Serial connection lost:
2026-08-19 11:47:20,722 [INFO] [Errno 2] could not open port /dev/ttyUSB0: [Errno 2] No such file or directory: '/dev/ttyUSB0'
2026-08-19 11:47:22,219 [INFO] Serial connection lost:
2026-08-19 11:47:22,220 [INFO] [Errno 2] could not open port /dev/ttyUSB0: [Errno 2] No such file or directory: '/dev/ttyUSB0'
2026-08-19 11:47:23,719 [INFO] Serial connection lost:
2026-08-19 11:47:23,720 [INFO] [Errno 2] could not open port /dev/ttyUSB0: [Errno 2] No such file or directory: '/dev/ttyUSB0'
2026-08-19 11:47:25,202 [INFO] Serial connection lost:
2026-08-19 11:47:25,203 [INFO] [Errno 2] could not open port /dev/ttyUSB0: [Errno 2] No such file or directory: '/dev/ttyUSB0'
2026-08-19 11:47:26,735 [INFO] Serial connection lost:
2026-08-19 11:47:26,736 [INFO] [Errno 2] could not open port /dev/ttyUSB0: [Errno 2] No such file or directory: '/dev/ttyUSB0'
2026-08-19 11:47:28,240 [INFO] Serial connection lost:
2026-08-19 11:47:28,241 [INFO] [Errno 2] could not open port /dev/ttyUSB0: [Errno 2] No such file or directory: '/dev/ttyUSB0'
2026-08-19 11:47:29,714 [INFO] Serial connection lost:
2026-08-19 11:47:29,715 [INFO] [Errno 2] could not open port /dev/ttyUSB0: [Errno 2] No such file or directory: '/dev/ttyUSB0'
2026-08-19 11:47:31,228 [INFO] Serial connection lost:
2026-08-19 11:47:31,228 [INFO] [Errno 2] could not open port /dev/ttyUSB0: [Errno 2] No such file or directory: '/dev/ttyUSB0'
2026-08-19 11:47:32,709 [INFO] Serial connection lost:
2026-08-19 11:47:32,710 [INFO] [Errno 2] could not open port /dev/ttyUSB0: [Errno 2] No such file or directory: '/dev/ttyUSB0'
2026-08-19 11:47:34,211 [INFO] Serial connection lost:
2026-08-19 11:47:34,211 [INFO] [Errno 2] could not open port /dev/ttyUSB0: [Errno 2] No such file or directory: '/dev/ttyUSB0'
2026-08-19 11:47:35,712 [INFO] Serial connection lost:
2026-08-19 11:47:35,712 [INFO] [Errno 2] could not open port /dev/ttyUSB0: [Errno 2] No such file or directory: '/dev/ttyUSB0'
2026-08-19 11:47:37,214 [INFO] Serial connection lost:
2026-08-19 11:47:37,214 [INFO] [Errno 2] could not open port /dev/ttyUSB0: [Errno 2] No such file or directory: '/dev/ttyUSB0'
2026-08-19 11:47:38,715 [INFO] Serial connection lost:
2026-08-19 11:47:38,715 [INFO] [Errno 2] could not open port /dev/ttyUSB0: [Errno 2] No such file or directory: '/dev/ttyUSB0'
2026-08-19 11:47:39,525 [INFO] Watchdog: no response from serial port in 30s, forcing reconnect
2026-08-19 11:47:40,216 [INFO] Serial connection lost:
2026-08-19 11:47:40,217 [INFO] [Errno 2] could not open port /dev/ttyUSB0: [Errno 2] No such file or directory: '/dev/ttyUSB0'
2026-08-19 11:47:41,718 [INFO] Serial connection lost:
2026-08-19 11:47:41,718 [INFO] [Errno 2] could not open port /dev/ttyUSB0: [Errno 2] No such file or directory: '/dev/ttyUSB0'
2026-08-19 11:47:43,219 [INFO] Serial connection lost:
2026-08-19 11:47:43,219 [INFO] [Errno 2] could not open port /dev/ttyUSB0: [Errno 2] No such file or directory: '/dev/ttyUSB0'
2026-08-19 11:47:43,720 [INFO] Serial disconnected
2026-08-19 11:50:16,968 [INFO] Production data loaded successfully.
2026-08-19 11:50:16,969 [INFO] {'1': {'ok': 6, 'ng': 8, 'total': 14}, '2': {'ok': 1, 'ng': 0, 'total': 1}, '3': {'ok': 48, 'ng': 54, 'total': 102}, '4': {'ok': 0, 'ng': 0, 'total': 0}}
2026-08-19 11:50:16,970 [INFO] gpiod not installed - GPIO disabled
2026-08-19 11:50:16,970 [INFO] Backend initialized
2026-08-19 11:50:17,067 [INFO] Serial connection lost:
2026-08-19 11:50:17,067 [INFO] [Errno 2] could not open port /dev/ttyUSB0: [Errno 2] No such file or directory: '/dev/ttyUSB0'
2026-08-19 11:50:18,472 [INFO] Serial connection lost:
2026-08-19 11:50:18,473 [INFO] [Errno 2] could not open port /dev/ttyUSB0: [Errno 2] No such file or directory: '/dev/ttyUSB0'
2026-08-19 11:50:19,974 [INFO] Serial connection lost:
2026-08-19 11:50:19,974 [INFO] [Errno 2] could not open port /dev/ttyUSB0: [Errno 2] No such file or directory: '/dev/ttyUSB0'
2026-08-19 11:50:21,475 [INFO] Serial connection lost:
2026-08-19 11:50:21,475 [INFO] [Errno 2] could not open port /dev/ttyUSB0: [Errno 2] No such file or directory: '/dev/ttyUSB0'
2026-08-19 11:50:22,977 [INFO] Serial connection lost:
2026-08-19 11:50:22,977 [INFO] [Errno 2] could not open port /dev/ttyUSB0: [Errno 2] No such file or directory: '/dev/ttyUSB0'
2026-08-19 11:50:24,478 [INFO] Serial connection lost:
2026-08-19 11:50:24,478 [INFO] [Errno 2] could not open port /dev/ttyUSB0: [Errno 2] No such file or directory: '/dev/ttyUSB0'
2026-08-19 11:50:25,979 [INFO] Serial connection lost:
2026-08-19 11:50:25,980 [INFO] [Errno 2] could not open port /dev/ttyUSB0: [Errno 2] No such file or directory: '/dev/ttyUSB0'
2026-08-19 11:50:27,489 [INFO] Serial connection lost:
2026-08-19 11:50:27,489 [INFO] [Errno 2] could not open port /dev/ttyUSB0: [Errno 2] No such file or directory: '/dev/ttyUSB0'
2026-08-19 11:50:29,035 [INFO] Serial connection lost:
2026-08-19 11:50:29,035 [INFO] [Errno 2] could not open port /dev/ttyUSB0: [Errno 2] No such file or directory: '/dev/ttyUSB0'
2026-08-19 11:50:30,522 [INFO] Serial connection lost:
2026-08-19 11:50:30,522 [INFO] [Errno 2] could not open port /dev/ttyUSB0: [Errno 2] No such file or directory: '/dev/ttyUSB0'
2026-08-19 11:50:32,002 [INFO] Serial connection lost:
2026-08-19 11:50:32,002 [INFO] [Errno 2] could not open port /dev/ttyUSB0: [Errno 2] No such file or directory: '/dev/ttyUSB0'
2026-08-19 11:50:33,487 [INFO] Serial connection lost:
2026-08-19 11:50:33,487 [INFO] [Errno 2] could not open port /dev/ttyUSB0: [Errno 2] No such file or directory: '/dev/ttyUSB0'
2026-08-19 11:50:34,988 [INFO] Serial connection lost:
2026-08-19 11:50:34,988 [INFO] [Errno 2] could not open port /dev/ttyUSB0: [Errno 2] No such file or directory: '/dev/ttyUSB0'
2026-08-19 11:50:36,489 [INFO] Serial connection lost:
2026-08-19 11:50:36,490 [INFO] [Errno 2] could not open port /dev/ttyUSB0: [Errno 2] No such file or directory: '/dev/ttyUSB0'
2026-08-19 11:50:38,012 [INFO] Serial connection lost:
2026-08-19 11:50:38,012 [INFO] [Errno 2] could not open port /dev/ttyUSB0: [Errno 2] No such file or directory: '/dev/ttyUSB0'
2026-08-19 11:50:39,518 [INFO] Serial connection lost:
2026-08-19 11:50:39,519 [INFO] [Errno 2] could not open port /dev/ttyUSB0: [Errno 2] No such file or directory: '/dev/ttyUSB0'
2026-08-19 11:50:41,018 [INFO] Serial connection lost:
2026-08-19 11:50:41,018 [INFO] [Errno 2] could not open port /dev/ttyUSB0: [Errno 2] No such file or directory: '/dev/ttyUSB0'
2026-08-19 11:50:42,495 [INFO] Serial connection lost:
2026-08-19 11:50:42,495 [INFO] [Errno 2] could not open port /dev/ttyUSB0: [Errno 2] No such file or directory: '/dev/ttyUSB0'
2026-08-19 11:50:44,020 [INFO] Serial connection lost:
2026-08-19 11:50:44,020 [INFO] [Errno 2] could not open port /dev/ttyUSB0: [Errno 2] No such file or directory: '/dev/ttyUSB0'
2026-08-19 11:50:45,536 [INFO] Serial connection lost:
2026-08-19 11:50:45,536 [INFO] [Errno 2] could not open port /dev/ttyUSB0: [Errno 2] No such file or directory: '/dev/ttyUSB0'
2026-08-19 11:50:47,034 [INFO] Serial connection lost:
2026-08-19 11:50:47,034 [INFO] [Errno 2] could not open port /dev/ttyUSB0: [Errno 2] No such file or directory: '/dev/ttyUSB0'
2026-08-19 11:50:47,085 [INFO] Watchdog: no response from serial port in 30s, forcing reconnect
2026-08-19 11:50:48,536 [INFO] Serial connection lost:
2026-08-19 11:50:48,536 [INFO] [Errno 2] could not open port /dev/ttyUSB0: [Errno 2] No such file or directory: '/dev/ttyUSB0'
2026-08-19 11:50:50,018 [INFO] Serial connection lost:
2026-08-19 11:50:50,018 [INFO] [Errno 2] could not open port /dev/ttyUSB0: [Errno 2] No such file or directory: '/dev/ttyUSB0'
2026-08-19 11:50:51,504 [INFO] Serial connection lost:
2026-08-19 11:50:51,504 [INFO] [Errno 2] could not open port /dev/ttyUSB0: [Errno 2] No such file or directory: '/dev/ttyUSB0'
2026-08-19 11:50:53,005 [INFO] Serial connection lost:
2026-08-19 11:50:53,005 [INFO] [Errno 2] could not open port /dev/ttyUSB0: [Errno 2] No such file or directory: '/dev/ttyUSB0'
2026-08-19 11:50:54,535 [INFO] Serial connection lost:
2026-08-19 11:50:54,535 [INFO] [Errno 2] could not open port /dev/ttyUSB0: [Errno 2] No such file or directory: '/dev/ttyUSB0'
2026-08-19 11:50:56,008 [INFO] Serial connection lost:
2026-08-19 11:50:56,008 [INFO] [Errno 2] could not open port /dev/ttyUSB0: [Errno 2] No such file or directory: '/dev/ttyUSB0'
2026-08-19 11:50:57,552 [INFO] Serial connection lost:
2026-08-19 11:50:57,553 [INFO] [Errno 2] could not open port /dev/ttyUSB0: [Errno 2] No such file or directory: '/dev/ttyUSB0'
2026-08-19 11:50:59,011 [INFO] Serial connection lost:
2026-08-19 11:50:59,011 [INFO] [Errno 2] could not open port /dev/ttyUSB0: [Errno 2] No such file or directory: '/dev/ttyUSB0'
2026-08-19 11:51:00,512 [INFO] Serial connection lost:
2026-08-19 11:51:00,512 [INFO] [Errno 2] could not open port /dev/ttyUSB0: [Errno 2] No such file or directory: '/dev/ttyUSB0'
2026-08-19 11:51:02,014 [INFO] Serial connection lost:
2026-08-19 11:51:02,014 [INFO] [Errno 2] could not open port /dev/ttyUSB0: [Errno 2] No such file or directory: '/dev/ttyUSB0'
2026-08-19 11:51:03,515 [INFO] Serial connection lost:
2026-08-19 11:51:03,515 [INFO] [Errno 2] could not open port /dev/ttyUSB0: [Errno 2] No such file or directory: '/dev/ttyUSB0'
2026-08-19 11:51:05,016 [INFO] Serial connection lost:
2026-08-19 11:51:05,017 [INFO] [Errno 2] could not open port /dev/ttyUSB0: [Errno 2] No such file or directory: '/dev/ttyUSB0'
2026-08-19 11:51:06,518 [INFO] Serial connection lost:
2026-08-19 11:51:06,518 [INFO] [Errno 2] could not open port /dev/ttyUSB0: [Errno 2] No such file or directory: '/dev/ttyUSB0'
2026-08-19 11:51:08,019 [INFO] Serial connection lost:
2026-08-19 11:51:08,019 [INFO] [Errno 2] could not open port /dev/ttyUSB0: [Errno 2] No such file or directory: '/dev/ttyUSB0'
2026-08-19 11:51:09,521 [INFO] Serial connection lost:
2026-08-19 11:51:09,521 [INFO] [Errno 2] could not open port /dev/ttyUSB0: [Errno 2] No such file or directory: '/dev/ttyUSB0'
2026-08-19 11:51:09,810 [INFO] Switching to:
2026-08-19 11:51:09,810 [INFO] S PART1
2026-08-19 11:51:11,022 [INFO] Serial connection lost:
2026-08-19 11:51:11,022 [INFO] [Errno 2] could not open port /dev/ttyUSB0: [Errno 2] No such file or directory: '/dev/ttyUSB0'
2026-08-19 11:51:12,310 [INFO] Switching to:
2026-08-19 11:51:12,310 [INFO] S PART2
2026-08-19 11:51:12,538 [INFO] Serial connection lost:
2026-08-19 11:51:12,538 [INFO] [Errno 2] could not open port /dev/ttyUSB0: [Errno 2] No such file or directory: '/dev/ttyUSB0'
2026-08-19 11:51:14,038 [INFO] Serial connection lost:
2026-08-19 11:51:14,038 [INFO] [Errno 2] could not open port /dev/ttyUSB0: [Errno 2] No such file or directory: '/dev/ttyUSB0'
2026-08-19 11:51:15,229 [INFO] Switching to:
2026-08-19 11:51:15,229 [INFO] S PART3
2026-08-19 11:51:15,538 [INFO] Serial connection lost:
2026-08-19 11:51:15,538 [INFO] [Errno 2] could not open port /dev/ttyUSB0: [Errno 2] No such file or directory: '/dev/ttyUSB0'
2026-08-19 11:51:17,027 [INFO] Serial connection lost:
2026-08-19 11:51:17,027 [INFO] [Errno 2] could not open port /dev/ttyUSB0: [Errno 2] No such file or directory: '/dev/ttyUSB0'
2026-08-19 11:51:17,559 [INFO] Switching to:
2026-08-19 11:51:17,559 [INFO] S PART4
2026-08-19 11:51:18,023 [INFO] Watchdog: no response from serial port in 30s, forcing reconnect
2026-08-19 11:51:18,529 [INFO] Serial connection lost:
2026-08-19 11:51:18,529 [INFO] [Errno 2] could not open port /dev/ttyUSB0: [Errno 2] No such file or directory: '/dev/ttyUSB0'
2026-08-19 11:51:20,030 [INFO] Serial connection lost:
2026-08-19 11:51:20,030 [INFO] [Errno 2] could not open port /dev/ttyUSB0: [Errno 2] No such file or directory: '/dev/ttyUSB0'
2026-08-19 11:51:21,031 [INFO] Serial disconnected
2026-08-19 12:10:25,629 [INFO] Production data loaded successfully.
2026-08-19 12:10:25,629 [INFO] {'1': {'ok': 6, 'ng': 8, 'total': 14}, '2': {'ok': 1, 'ng': 0, 'total': 1}, '3': {'ok': 48, 'ng': 54, 'total': 102}, '4': {'ok': 0, 'ng': 0, 'total': 0}}
2026-08-19 12:10:25,630 [INFO] gpiod not installed - GPIO disabled
2026-08-19 12:10:25,630 [INFO] Backend initialized
2026-08-19 12:10:25,709 [INFO] Serial connection lost:
2026-08-19 12:10:25,709 [INFO] [Errno 2] could not open port /dev/ttyUSB0: [Errno 2] No such file or directory: '/dev/ttyUSB0'
2026-08-19 12:10:27,132 [INFO] Serial connection lost:
2026-08-19 12:10:27,133 [INFO] [Errno 2] could not open port /dev/ttyUSB0: [Errno 2] No such file or directory: '/dev/ttyUSB0'
2026-08-19 12:10:28,634 [INFO] Serial connection lost:
2026-08-19 12:10:28,634 [INFO] [Errno 2] could not open port /dev/ttyUSB0: [Errno 2] No such file or directory: '/dev/ttyUSB0'
2026-08-19 12:10:30,135 [INFO] Serial connection lost:
2026-08-19 12:10:30,135 [INFO] [Errno 2] could not open port /dev/ttyUSB0: [Errno 2] No such file or directory: '/dev/ttyUSB0'
2026-08-19 12:10:31,637 [INFO] Serial connection lost:
2026-08-19 12:10:31,637 [INFO] [Errno 2] could not open port /dev/ttyUSB0: [Errno 2] No such file or directory: '/dev/ttyUSB0'
2026-08-19 12:10:33,138 [INFO] Serial connection lost:
2026-08-19 12:10:33,138 [INFO] [Errno 2] could not open port /dev/ttyUSB0: [Errno 2] No such file or directory: '/dev/ttyUSB0'
2026-08-19 12:10:33,539 [INFO] Serial disconnected
2026-08-19 14:44:52,601 [INFO] Production data loaded successfully.
2026-08-19 14:44:52,601 [INFO] {'1': {'ok': 6, 'ng': 8, 'total': 14}, '2': {'ok': 1, 'ng': 0, 'total': 1}, '3': {'ok': 48, 'ng': 54, 'total': 102}, '4': {'ok': 0, 'ng': 0, 'total': 0}}
2026-08-19 14:44:52,601 [INFO] gpiod not installed - GPIO disabled
2026-08-19 14:44:52,601 [INFO] Backend initialized
2026-08-19 14:44:52,694 [INFO] Serial connection lost:
2026-08-19 14:44:52,695 [INFO] [Errno 2] could not open port /dev/ttyUSB0: [Errno 2] No such file or directory: '/dev/ttyUSB0'
2026-08-19 14:44:54,103 [INFO] Serial connection lost:
2026-08-19 14:44:54,104 [INFO] [Errno 2] could not open port /dev/ttyUSB0: [Errno 2] No such file or directory: '/dev/ttyUSB0'
2026-08-19 14:44:55,605 [INFO] Serial connection lost:
2026-08-19 14:44:55,605 [INFO] [Errno 2] could not open port /dev/ttyUSB0: [Errno 2] No such file or directory: '/dev/ttyUSB0'
2026-08-19 14:44:57,106 [INFO] Serial connection lost:
2026-08-19 14:44:57,106 [INFO] [Errno 2] could not open port /dev/ttyUSB0: [Errno 2] No such file or directory: '/dev/ttyUSB0'
2026-08-19 14:44:58,608 [INFO] Serial connection lost:
2026-08-19 14:44:58,608 [INFO] [Errno 2] could not open port /dev/ttyUSB0: [Errno 2] No such file or directory: '/dev/ttyUSB0'
2026-08-19 14:45:00,109 [INFO] Serial connection lost:
2026-08-19 14:45:00,109 [INFO] [Errno 2] could not open port /dev/ttyUSB0: [Errno 2] No such file or directory: '/dev/ttyUSB0'
2026-08-19 14:45:01,610 [INFO] Serial connection lost:
2026-08-19 14:45:01,611 [INFO] [Errno 2] could not open port /dev/ttyUSB0: [Errno 2] No such file or directory: '/dev/ttyUSB0'
2026-08-19 14:45:03,112 [INFO] Serial connection lost:
2026-08-19 14:45:03,112 [INFO] [Errno 2] could not open port /dev/ttyUSB0: [Errno 2] No such file or directory: '/dev/ttyUSB0'
2026-08-19 14:45:04,613 [INFO] Serial connection lost:
2026-08-19 14:45:04,613 [INFO] [Errno 2] could not open port /dev/ttyUSB0: [Errno 2] No such file or directory: '/dev/ttyUSB0'
2026-08-19 14:45:06,114 [INFO] Serial connection lost:
2026-08-19 14:45:06,115 [INFO] [Errno 2] could not open port /dev/ttyUSB0: [Errno 2] No such file or directory: '/dev/ttyUSB0'
2026-08-19 14:45:07,616 [INFO] Serial connection lost:
2026-08-19 14:45:07,616 [INFO] [Errno 2] could not open port /dev/ttyUSB0: [Errno 2] No such file or directory: '/dev/ttyUSB0'
2026-08-19 14:45:09,117 [INFO] Serial connection lost:
2026-08-19 14:45:09,117 [INFO] [Errno 2] could not open port /dev/ttyUSB0: [Errno 2] No such file or directory: '/dev/ttyUSB0'
2026-08-19 14:45:10,619 [INFO] Serial connection lost:
2026-08-19 14:45:10,619 [INFO] [Errno 2] could not open port /dev/ttyUSB0: [Errno 2] No such file or directory: '/dev/ttyUSB0'
2026-08-19 14:45:12,120 [INFO] Serial connection lost:
2026-08-19 14:45:12,120 [INFO] [Errno 2] could not open port /dev/ttyUSB0: [Errno 2] No such file or directory: '/dev/ttyUSB0'
2026-08-19 14:45:13,622 [INFO] Serial connection lost:
2026-08-19 14:45:13,622 [INFO] [Errno 2] could not open port /dev/ttyUSB0: [Errno 2] No such file or directory: '/dev/ttyUSB0'
2026-08-19 14:45:15,123 [INFO] Serial connection lost:
2026-08-19 14:45:15,123 [INFO] [Errno 2] could not open port /dev/ttyUSB0: [Errno 2] No such file or directory: '/dev/ttyUSB0'
2026-08-19 14:45:16,624 [INFO] Serial connection lost:
2026-08-19 14:45:16,625 [INFO] [Errno 2] could not open port /dev/ttyUSB0: [Errno 2] No such file or directory: '/dev/ttyUSB0'
2026-08-19 14:45:18,126 [INFO] Serial connection lost:
2026-08-19 14:45:18,126 [INFO] [Errno 2] could not open port /dev/ttyUSB0: [Errno 2] No such file or directory: '/dev/ttyUSB0'
2026-08-19 14:45:19,627 [INFO] Serial connection lost:
2026-08-19 14:45:19,627 [INFO] [Errno 2] could not open port /dev/ttyUSB0: [Errno 2] No such file or directory: '/dev/ttyUSB0'
2026-08-19 14:45:21,129 [INFO] Serial connection lost:
2026-08-19 14:45:21,129 [INFO] [Errno 2] could not open port /dev/ttyUSB0: [Errno 2] No such file or directory: '/dev/ttyUSB0'
2026-08-19 14:45:22,630 [INFO] Serial connection lost:
2026-08-19 14:45:22,630 [INFO] [Errno 2] could not open port /dev/ttyUSB0: [Errno 2] No such file or directory: '/dev/ttyUSB0'
2026-08-19 14:45:23,526 [INFO] Watchdog: no response from serial port in 30s, forcing reconnect
2026-08-19 14:45:24,131 [INFO] Serial connection lost:
2026-08-19 14:45:24,132 [INFO] [Errno 2] could not open port /dev/ttyUSB0: [Errno 2] No such file or directory: '/dev/ttyUSB0'
2026-08-19 14:45:25,633 [INFO] Serial connection lost:
2026-08-19 14:45:25,633 [INFO] [Errno 2] could not open port /dev/ttyUSB0: [Errno 2] No such file or directory: '/dev/ttyUSB0'
2026-08-19 14:45:27,134 [INFO] Serial connection lost:
2026-08-19 14:45:27,134 [INFO] [Errno 2] could not open port /dev/ttyUSB0: [Errno 2] No such file or directory: '/dev/ttyUSB0'
2026-08-19 14:45:28,636 [INFO] Serial connection lost:
2026-08-19 14:45:28,636 [INFO] [Errno 2] could not open port /dev/ttyUSB0: [Errno 2] No such file or directory: '/dev/ttyUSB0'
2026-08-19 14:45:30,137 [INFO] Serial connection lost:
2026-08-19 14:45:30,137 [INFO] [Errno 2] could not open port /dev/ttyUSB0: [Errno 2] No such file or directory: '/dev/ttyUSB0'
2026-08-19 14:45:31,638 [INFO] Serial connection lost:
2026-08-19 14:45:31,638 [INFO] [Errno 2] could not open port /dev/ttyUSB0: [Errno 2] No such file or directory: '/dev/ttyUSB0'
2026-08-19 14:45:33,140 [INFO] Serial connection lost:
2026-08-19 14:45:33,140 [INFO] [Errno 2] could not open port /dev/ttyUSB0: [Errno 2] No such file or directory: '/dev/ttyUSB0'
2026-08-19 14:45:34,641 [INFO] Serial connection lost:
2026-08-19 14:45:34,641 [INFO] [Errno 2] could not open port /dev/ttyUSB0: [Errno 2] No such file or directory: '/dev/ttyUSB0'
2026-08-19 14:45:36,142 [INFO] Serial connection lost:
2026-08-19 14:45:36,143 [INFO] [Errno 2] could not open port /dev/ttyUSB0: [Errno 2] No such file or directory: '/dev/ttyUSB0'
2026-08-19 14:45:37,644 [INFO] Serial connection lost:
2026-08-19 14:45:37,644 [INFO] [Errno 2] could not open port /dev/ttyUSB0: [Errno 2] No such file or directory: '/dev/ttyUSB0'
2026-08-19 14:45:39,145 [INFO] Serial connection lost:
2026-08-19 14:45:39,145 [INFO] [Errno 2] could not open port /dev/ttyUSB0: [Errno 2] No such file or directory: '/dev/ttyUSB0'
2026-08-19 14:45:40,647 [INFO] Serial connection lost:
2026-08-19 14:45:40,647 [INFO] [Errno 2] could not open port /dev/ttyUSB0: [Errno 2] No such file or directory: '/dev/ttyUSB0'
2026-08-19 14:45:42,148 [INFO] Serial connection lost:
2026-08-19 14:45:42,148 [INFO] [Errno 2] could not open port /dev/ttyUSB0: [Errno 2] No such file or directory: '/dev/ttyUSB0'
2026-08-19 14:45:43,649 [INFO] Serial connection lost:
2026-08-19 14:45:43,649 [INFO] [Errno 2] could not open port /dev/ttyUSB0: [Errno 2] No such file or directory: '/dev/ttyUSB0'
2026-08-19 14:45:45,151 [INFO] Serial connection lost:
2026-08-19 14:45:45,151 [INFO] [Errno 2] could not open port /dev/ttyUSB0: [Errno 2] No such file or directory: '/dev/ttyUSB0'
2026-08-19 14:45:46,652 [INFO] Serial connection lost:
2026-08-19 14:45:46,652 [INFO] [Errno 2] could not open port /dev/ttyUSB0: [Errno 2] No such file or directory: '/dev/ttyUSB0'
2026-08-19 14:45:48,153 [INFO] Serial connection lost:
2026-08-19 14:45:48,153 [INFO] [Errno 2] could not open port /dev/ttyUSB0: [Errno 2] No such file or directory: '/dev/ttyUSB0'
2026-08-19 14:45:49,655 [INFO] Serial connection lost:
2026-08-19 14:45:49,655 [INFO] [Errno 2] could not open port /dev/ttyUSB0: [Errno 2] No such file or directory: '/dev/ttyUSB0'
2026-08-19 14:45:51,156 [INFO] Serial connection lost:
2026-08-19 14:45:51,156 [INFO] [Errno 2] could not open port /dev/ttyUSB0: [Errno 2] No such file or directory: '/dev/ttyUSB0'
2026-08-19 14:45:52,658 [INFO] Serial connection lost:
2026-08-19 14:45:52,658 [INFO] [Errno 2] could not open port /dev/ttyUSB0: [Errno 2] No such file or directory: '/dev/ttyUSB0'
2026-08-19 14:45:54,159 [INFO] Serial connection lost:
2026-08-19 14:45:54,159 [INFO] [Errno 2] could not open port /dev/ttyUSB0: [Errno 2] No such file or directory: '/dev/ttyUSB0'
2026-08-19 14:45:54,525 [INFO] Watchdog: no response from serial port in 30s, forcing reconnect
2026-08-19 14:45:55,660 [INFO] Serial connection lost:
2026-08-19 14:45:55,661 [INFO] [Errno 2] could not open port /dev/ttyUSB0: [Errno 2] No such file or directory: '/dev/ttyUSB0'
2026-08-19 14:45:57,162 [INFO] Serial connection lost:
2026-08-19 14:45:57,162 [INFO] [Errno 2] could not open port /dev/ttyUSB0: [Errno 2] No such file or directory: '/dev/ttyUSB0'
2026-08-19 14:45:58,663 [INFO] Serial connection lost:
2026-08-19 14:45:58,663 [INFO] [Errno 2] could not open port /dev/ttyUSB0: [Errno 2] No such file or directory: '/dev/ttyUSB0'
2026-08-19 14:46:00,165 [INFO] Serial connection lost:
2026-08-19 14:46:00,165 [INFO] [Errno 2] could not open port /dev/ttyUSB0: [Errno 2] No such file or directory: '/dev/ttyUSB0'
2026-08-19 14:46:01,666 [INFO] Serial connection lost:
2026-08-19 14:46:01,666 [INFO] [Errno 2] could not open port /dev/ttyUSB0: [Errno 2] No such file or directory: '/dev/ttyUSB0'
2026-08-19 14:46:03,167 [INFO] Serial connection lost:
2026-08-19 14:46:03,168 [INFO] [Errno 2] could not open port /dev/ttyUSB0: [Errno 2] No such file or directory: '/dev/ttyUSB0'
2026-08-19 14:46:04,669 [INFO] Serial connection lost:
2026-08-19 14:46:04,669 [INFO] [Errno 2] could not open port /dev/ttyUSB0: [Errno 2] No such file or directory: '/dev/ttyUSB0'
2026-08-19 14:46:06,170 [INFO] Serial connection lost:
2026-08-19 14:46:06,170 [INFO] [Errno 2] could not open port /dev/ttyUSB0: [Errno 2] No such file or directory: '/dev/ttyUSB0'
2026-08-19 14:46:07,672 [INFO] Serial connection lost:
2026-08-19 14:46:07,672 [INFO] [Errno 2] could not open port /dev/ttyUSB0: [Errno 2] No such file or directory: '/dev/ttyUSB0'
2026-08-19 14:46:09,173 [INFO] Serial connection lost:
2026-08-19 14:46:09,173 [INFO] [Errno 2] could not open port /dev/ttyUSB0: [Errno 2] No such file or directory: '/dev/ttyUSB0'
2026-08-19 14:46:10,674 [INFO] Serial connection lost:
2026-08-19 14:46:10,675 [INFO] [Errno 2] could not open port /dev/ttyUSB0: [Errno 2] No such file or directory: '/dev/ttyUSB0'
2026-08-19 14:46:12,176 [INFO] Serial connection lost:
2026-08-19 14:46:12,176 [INFO] [Errno 2] could not open port /dev/ttyUSB0: [Errno 2] No such file or directory: '/dev/ttyUSB0'
2026-08-19 14:46:13,677 [INFO] Serial connection lost:
2026-08-19 14:46:13,677 [INFO] [Errno 2] could not open port /dev/ttyUSB0: [Errno 2] No such file or directory: '/dev/ttyUSB0'
2026-08-19 14:46:15,179 [INFO] Serial connection lost:
2026-08-19 14:46:15,179 [INFO] [Errno 2] could not open port /dev/ttyUSB0: [Errno 2] No such file or directory: '/dev/ttyUSB0'
2026-08-19 14:46:16,680 [INFO] Serial connection lost:
2026-08-19 14:46:16,680 [INFO] [Errno 2] could not open port /dev/ttyUSB0: [Errno 2] No such file or directory: '/dev/ttyUSB0'
2026-08-19 14:46:18,181 [INFO] Serial connection lost:
2026-08-19 14:46:18,182 [INFO] [Errno 2] could not open port /dev/ttyUSB0: [Errno 2] No such file or directory: '/dev/ttyUSB0'
2026-08-19 14:46:19,683 [INFO] Serial connection lost:
2026-08-19 14:46:19,683 [INFO] [Errno 2] could not open port /dev/ttyUSB0: [Errno 2] No such file or directory: '/dev/ttyUSB0'
2026-08-19 14:46:21,184 [INFO] Serial connection lost:
2026-08-19 14:46:21,184 [INFO] [Errno 2] could not open port /dev/ttyUSB0: [Errno 2] No such file or directory: '/dev/ttyUSB0'
2026-08-19 14:46:22,685 [INFO] Serial connection lost:
2026-08-19 14:46:22,686 [INFO] [Errno 2] could not open port /dev/ttyUSB0: [Errno 2] No such file or directory: '/dev/ttyUSB0'
2026-08-19 14:46:24,187 [INFO] Serial connection lost:
2026-08-19 14:46:24,187 [INFO] [Errno 2] could not open port /dev/ttyUSB0: [Errno 2] No such file or directory: '/dev/ttyUSB0'
2026-08-19 14:46:25,528 [INFO] Watchdog: no response from serial port in 30s, forcing reconnect
2026-08-19 14:46:25,688 [INFO] Serial connection lost:
2026-08-19 14:46:25,688 [INFO] [Errno 2] could not open port /dev/ttyUSB0: [Errno 2] No such file or directory: '/dev/ttyUSB0'
2026-08-19 14:46:27,190 [INFO] Serial connection lost:
2026-08-19 14:46:27,190 [INFO] [Errno 2] could not open port /dev/ttyUSB0: [Errno 2] No such file or directory: '/dev/ttyUSB0'
2026-08-19 14:46:28,691 [INFO] Serial connection lost:
2026-08-19 14:46:28,691 [INFO] [Errno 2] could not open port /dev/ttyUSB0: [Errno 2] No such file or directory: '/dev/ttyUSB0'
2026-08-19 14:46:30,192 [INFO] Serial connection lost:
2026-08-19 14:46:30,193 [INFO] [Errno 2] could not open port /dev/ttyUSB0: [Errno 2] No such file or directory: '/dev/ttyUSB0'
2026-08-19 14:46:31,694 [INFO] Serial connection lost:
2026-08-19 14:46:31,694 [INFO] [Errno 2] could not open port /dev/ttyUSB0: [Errno 2] No such file or directory: '/dev/ttyUSB0'
2026-08-19 14:46:33,195 [INFO] Serial connection lost:
2026-08-19 14:46:33,196 [INFO] [Errno 2] could not open port /dev/ttyUSB0: [Errno 2] No such file or directory: '/dev/ttyUSB0'
2026-08-19 14:46:34,697 [INFO] Serial connection lost:
2026-08-19 14:46:34,697 [INFO] [Errno 2] could not open port /dev/ttyUSB0: [Errno 2] No such file or directory: '/dev/ttyUSB0'
2026-08-19 14:46:36,198 [INFO] Serial connection lost:
2026-08-19 14:46:36,198 [INFO] [Errno 2] could not open port /dev/ttyUSB0: [Errno 2] No such file or directory: '/dev/ttyUSB0'
2026-08-19 14:46:37,700 [INFO] Serial connection lost:
2026-08-19 14:46:37,700 [INFO] [Errno 2] could not open port /dev/ttyUSB0: [Errno 2] No such file or directory: '/dev/ttyUSB0'
2026-08-19 14:46:39,201 [INFO] Serial connection lost:
2026-08-19 14:46:39,201 [INFO] [Errno 2] could not open port /dev/ttyUSB0: [Errno 2] No such file or directory: '/dev/ttyUSB0'
2026-08-19 14:46:40,702 [INFO] Serial connection lost:
2026-08-19 14:46:40,702 [INFO] [Errno 2] could not open port /dev/ttyUSB0: [Errno 2] No such file or directory: '/dev/ttyUSB0'
2026-08-19 14:46:42,204 [INFO] Serial connection lost:
2026-08-19 14:46:42,204 [INFO] [Errno 2] could not open port /dev/ttyUSB0: [Errno 2] No such file or directory: '/dev/ttyUSB0'
2026-08-19 14:46:43,705 [INFO] Serial connection lost:
2026-08-19 14:46:43,705 [INFO] [Errno 2] could not open port /dev/ttyUSB0: [Errno 2] No such file or directory: '/dev/ttyUSB0'
2026-08-19 14:46:45,207 [INFO] Serial connection lost:
2026-08-19 14:46:45,207 [INFO] [Errno 2] could not open port /dev/ttyUSB0: [Errno 2] No such file or directory: '/dev/ttyUSB0'
2026-08-19 14:46:46,708 [INFO] Serial connection lost:
2026-08-19 14:46:46,708 [INFO] [Errno 2] could not open port /dev/ttyUSB0: [Errno 2] No such file or directory: '/dev/ttyUSB0'
2026-08-19 14:46:48,209 [INFO] Serial connection lost:
2026-08-19 14:46:48,210 [INFO] [Errno 2] could not open port /dev/ttyUSB0: [Errno 2] No such file or directory: '/dev/ttyUSB0'
2026-08-19 14:46:49,711 [INFO] Serial connection lost:
2026-08-19 14:46:49,711 [INFO] [Errno 2] could not open port /dev/ttyUSB0: [Errno 2] No such file or directory: '/dev/ttyUSB0'
2026-08-19 14:46:51,212 [INFO] Serial connection lost:
2026-08-19 14:46:51,212 [INFO] [Errno 2] could not open port /dev/ttyUSB0: [Errno 2] No such file or directory: '/dev/ttyUSB0'
2026-08-19 14:46:52,714 [INFO] Serial connection lost:
2026-08-19 14:46:52,714 [INFO] [Errno 2] could not open port /dev/ttyUSB0: [Errno 2] No such file or directory: '/dev/ttyUSB0'
2026-08-19 14:46:54,215 [INFO] Serial connection lost:
2026-08-19 14:46:54,215 [INFO] [Errno 2] could not open port /dev/ttyUSB0: [Errno 2] No such file or directory: '/dev/ttyUSB0'
2026-08-19 14:46:55,716 [INFO] Serial connection lost:
2026-08-19 14:46:55,717 [INFO] [Errno 2] could not open port /dev/ttyUSB0: [Errno 2] No such file or directory: '/dev/ttyUSB0'
2026-08-19 14:46:56,528 [INFO] Watchdog: no response from serial port in 30s, forcing reconnect
2026-08-19 14:46:57,218 [INFO] Serial connection lost:
2026-08-19 14:46:57,218 [INFO] [Errno 2] could not open port /dev/ttyUSB0: [Errno 2] No such file or directory: '/dev/ttyUSB0'
2026-08-19 14:46:58,719 [INFO] Serial connection lost:
2026-08-19 14:46:58,719 [INFO] [Errno 2] could not open port /dev/ttyUSB0: [Errno 2] No such file or directory: '/dev/ttyUSB0'
2026-08-19 14:47:00,221 [INFO] Serial connection lost:
2026-08-19 14:47:00,221 [INFO] [Errno 2] could not open port /dev/ttyUSB0: [Errno 2] No such file or directory: '/dev/ttyUSB0'
2026-08-19 14:47:01,722 [INFO] Serial connection lost:
2026-08-19 14:47:01,722 [INFO] [Errno 2] could not open port /dev/ttyUSB0: [Errno 2] No such file or directory: '/dev/ttyUSB0'
2026-08-19 14:47:03,223 [INFO] Serial connection lost:
2026-08-19 14:47:03,223 [INFO] [Errno 2] could not open port /dev/ttyUSB0: [Errno 2] No such file or directory: '/dev/ttyUSB0'
2026-08-19 14:47:04,725 [INFO] Serial connection lost:
2026-08-19 14:47:04,725 [INFO] [Errno 2] could not open port /dev/ttyUSB0: [Errno 2] No such file or directory: '/dev/ttyUSB0'
2026-08-19 14:47:06,226 [INFO] Serial connection lost:
2026-08-19 14:47:06,226 [INFO] [Errno 2] could not open port /dev/ttyUSB0: [Errno 2] No such file or directory: '/dev/ttyUSB0'
2026-08-19 14:47:07,728 [INFO] Serial connection lost:
2026-08-19 14:47:07,728 [INFO] [Errno 2] could not open port /dev/ttyUSB0: [Errno 2] No such file or directory: '/dev/ttyUSB0'
2026-08-19 14:47:09,229 [INFO] Serial connection lost:
2026-08-19 14:47:09,229 [INFO] [Errno 2] could not open port /dev/ttyUSB0: [Errno 2] No such file or directory: '/dev/ttyUSB0'
2026-08-19 14:47:10,730 [INFO] Serial connection lost:
2026-08-19 14:47:10,731 [INFO] [Errno 2] could not open port /dev/ttyUSB0: [Errno 2] No such file or directory: '/dev/ttyUSB0'
2026-08-19 14:47:12,232 [INFO] Serial connection lost:
2026-08-19 14:47:12,232 [INFO] [Errno 2] could not open port /dev/ttyUSB0: [Errno 2] No such file or directory: '/dev/ttyUSB0'
2026-08-19 14:47:13,733 [INFO] Serial connection lost:
2026-08-19 14:47:13,733 [INFO] [Errno 2] could not open port /dev/ttyUSB0: [Errno 2] No such file or directory: '/dev/ttyUSB0'
2026-08-19 14:47:15,235 [INFO] Serial connection lost:
2026-08-19 14:47:15,235 [INFO] [Errno 2] could not open port /dev/ttyUSB0: [Errno 2] No such file or directory: '/dev/ttyUSB0'
2026-08-19 14:47:16,736 [INFO] Serial connection lost:
2026-08-19 14:47:16,736 [INFO] [Errno 2] could not open port /dev/ttyUSB0: [Errno 2] No such file or directory: '/dev/ttyUSB0'
2026-08-19 14:47:18,237 [INFO] Serial connection lost:
2026-08-19 14:47:18,238 [INFO] [Errno 2] could not open port /dev/ttyUSB0: [Errno 2] No such file or directory: '/dev/ttyUSB0'
2026-08-19 14:47:19,739 [INFO] Serial connection lost:
2026-08-19 14:47:19,739 [INFO] [Errno 2] could not open port /dev/ttyUSB0: [Errno 2] No such file or directory: '/dev/ttyUSB0'
2026-08-19 14:47:21,240 [INFO] Serial connection lost:
2026-08-19 14:47:21,240 [INFO] [Errno 2] could not open port /dev/ttyUSB0: [Errno 2] No such file or directory: '/dev/ttyUSB0'
2026-08-19 14:47:22,742 [INFO] Serial connection lost:
2026-08-19 14:47:22,742 [INFO] [Errno 2] could not open port /dev/ttyUSB0: [Errno 2] No such file or directory: '/dev/ttyUSB0'
2026-08-19 14:47:24,243 [INFO] Serial connection lost:
2026-08-19 14:47:24,243 [INFO] [Errno 2] could not open port /dev/ttyUSB0: [Errno 2] No such file or directory: '/dev/ttyUSB0'
2026-08-19 14:47:25,745 [INFO] Serial connection lost:
2026-08-19 14:47:25,745 [INFO] [Errno 2] could not open port /dev/ttyUSB0: [Errno 2] No such file or directory: '/dev/ttyUSB0'
2026-08-19 14:47:27,246 [INFO] Serial connection lost:
2026-08-19 14:47:27,246 [INFO] [Errno 2] could not open port /dev/ttyUSB0: [Errno 2] No such file or directory: '/dev/ttyUSB0'
2026-08-19 14:47:27,525 [INFO] Watchdog: no response from serial port in 30s, forcing reconnect
2026-08-19 14:47:28,747 [INFO] Serial connection lost:
2026-08-19 14:47:28,748 [INFO] [Errno 2] could not open port /dev/ttyUSB0: [Errno 2] No such file or directory: '/dev/ttyUSB0'
2026-08-19 14:47:30,249 [INFO] Serial connection lost:
2026-08-19 14:47:30,249 [INFO] [Errno 2] could not open port /dev/ttyUSB0: [Errno 2] No such file or directory: '/dev/ttyUSB0'
2026-08-19 14:47:31,750 [INFO] Serial connection lost:
2026-08-19 14:47:31,750 [INFO] [Errno 2] could not open port /dev/ttyUSB0: [Errno 2] No such file or directory: '/dev/ttyUSB0'
2026-08-19 14:47:33,252 [INFO] Serial connection lost:
2026-08-19 14:47:33,252 [INFO] [Errno 2] could not open port /dev/ttyUSB0: [Errno 2] No such file or directory: '/dev/ttyUSB0'
2026-08-19 14:47:34,753 [INFO] Serial connection lost:
2026-08-19 14:47:34,753 [INFO] [Errno 2] could not open port /dev/ttyUSB0: [Errno 2] No such file or directory: '/dev/ttyUSB0'
2026-08-19 14:47:36,254 [INFO] Serial connection lost:
2026-08-19 14:47:36,255 [INFO] [Errno 2] could not open port /dev/ttyUSB0: [Errno 2] No such file or directory: '/dev/ttyUSB0'
2026-08-19 14:47:37,756 [INFO] Serial connection lost:
2026-08-19 14:47:37,756 [INFO] [Errno 2] could not open port /dev/ttyUSB0: [Errno 2] No such file or directory: '/dev/ttyUSB0'
2026-08-19 14:47:39,257 [INFO] Serial connection lost:
2026-08-19 14:47:39,257 [INFO] [Errno 2] could not open port /dev/ttyUSB0: [Errno 2] No such file or directory: '/dev/ttyUSB0'
2026-08-19 14:47:40,759 [INFO] Serial connection lost:
2026-08-19 14:47:40,759 [INFO] [Errno 2] could not open port /dev/ttyUSB0: [Errno 2] No such file or directory: '/dev/ttyUSB0'
2026-08-19 14:47:42,260 [INFO] Serial connection lost:
2026-08-19 14:47:42,260 [INFO] [Errno 2] could not open port /dev/ttyUSB0: [Errno 2] No such file or directory: '/dev/ttyUSB0'
2026-08-19 14:47:43,762 [INFO] Serial connection lost:
2026-08-19 14:47:43,762 [INFO] [Errno 2] could not open port /dev/ttyUSB0: [Errno 2] No such file or directory: '/dev/ttyUSB0'
2026-08-19 14:47:45,263 [INFO] Serial connection lost:
2026-08-19 14:47:45,263 [INFO] [Errno 2] could not open port /dev/ttyUSB0: [Errno 2] No such file or directory: '/dev/ttyUSB0'
2026-08-19 14:47:46,765 [INFO] Serial connection lost:
2026-08-19 14:47:46,765 [INFO] [Errno 2] could not open port /dev/ttyUSB0: [Errno 2] No such file or directory: '/dev/ttyUSB0'
2026-08-19 14:47:48,266 [INFO] Serial connection lost:
2026-08-19 14:47:48,266 [INFO] [Errno 2] could not open port /dev/ttyUSB0: [Errno 2] No such file or directory: '/dev/ttyUSB0'
2026-08-19 14:47:49,767 [INFO] Serial connection lost:
2026-08-19 14:47:49,767 [INFO] [Errno 2] could not open port /dev/ttyUSB0: [Errno 2] No such file or directory: '/dev/ttyUSB0'
2026-08-19 14:47:51,269 [INFO] Serial connection lost:
2026-08-19 14:47:51,269 [INFO] [Errno 2] could not open port /dev/ttyUSB0: [Errno 2] No such file or directory: '/dev/ttyUSB0'
2026-08-19 14:47:52,770 [INFO] Serial connection lost:
2026-08-19 14:47:52,770 [INFO] [Errno 2] could not open port /dev/ttyUSB0: [Errno 2] No such file or directory: '/dev/ttyUSB0'
2026-08-19 14:47:54,271 [INFO] Serial connection lost:
2026-08-19 14:47:54,272 [INFO] [Errno 2] could not open port /dev/ttyUSB0: [Errno 2] No such file or directory: '/dev/ttyUSB0'
2026-08-19 14:47:55,773 [INFO] Serial connection lost:
2026-08-19 14:47:55,773 [INFO] [Errno 2] could not open port /dev/ttyUSB0: [Errno 2] No such file or directory: '/dev/ttyUSB0'
2026-08-19 14:47:57,274 [INFO] Serial connection lost:
2026-08-19 14:47:57,274 [INFO] [Errno 2] could not open port /dev/ttyUSB0: [Errno 2] No such file or directory: '/dev/ttyUSB0'
2026-08-19 14:47:58,528 [INFO] Watchdog: no response from serial port in 30s, forcing reconnect
2026-08-19 14:47:58,776 [INFO] Serial connection lost:
2026-08-19 14:47:58,776 [INFO] [Errno 2] could not open port /dev/ttyUSB0: [Errno 2] No such file or directory: '/dev/ttyUSB0'
2026-08-19 14:48:00,277 [INFO] Serial connection lost:
2026-08-19 14:48:00,277 [INFO] [Errno 2] could not open port /dev/ttyUSB0: [Errno 2] No such file or directory: '/dev/ttyUSB0'
2026-08-19 14:48:01,778 [INFO] Serial connection lost:
2026-08-19 14:48:01,779 [INFO] [Errno 2] could not open port /dev/ttyUSB0: [Errno 2] No such file or directory: '/dev/ttyUSB0'
2026-08-19 14:48:03,280 [INFO] Serial connection lost:
2026-08-19 14:48:03,280 [INFO] [Errno 2] could not open port /dev/ttyUSB0: [Errno 2] No such file or directory: '/dev/ttyUSB0'
2026-08-19 14:48:04,781 [INFO] Serial connection lost:
2026-08-19 14:48:04,782 [INFO] [Errno 2] could not open port /dev/ttyUSB0: [Errno 2] No such file or directory: '/dev/ttyUSB0'
2026-08-19 14:48:06,283 [INFO] Serial connection lost:
2026-08-19 14:48:06,283 [INFO] [Errno 2] could not open port /dev/ttyUSB0: [Errno 2] No such file or directory: '/dev/ttyUSB0'
2026-08-19 14:48:07,784 [INFO] Serial connection lost:
2026-08-19 14:48:07,784 [INFO] [Errno 2] could not open port /dev/ttyUSB0: [Errno 2] No such file or directory: '/dev/ttyUSB0'
2026-08-19 14:48:09,285 [INFO] Serial connection lost:
2026-08-19 14:48:09,285 [INFO] [Errno 2] could not open port /dev/ttyUSB0: [Errno 2] No such file or directory: '/dev/ttyUSB0'
2026-08-19 14:48:10,787 [INFO] Serial connection lost:
2026-08-19 14:48:10,787 [INFO] [Errno 2] could not open port /dev/ttyUSB0: [Errno 2] No such file or directory: '/dev/ttyUSB0'
2026-08-19 14:48:12,288 [INFO] Serial connection lost:
2026-08-19 14:48:12,288 [INFO] [Errno 2] could not open port /dev/ttyUSB0: [Errno 2] No such file or directory: '/dev/ttyUSB0'
2026-08-19 14:48:13,790 [INFO] Serial connection lost:
2026-08-19 14:48:13,790 [INFO] [Errno 2] could not open port /dev/ttyUSB0: [Errno 2] No such file or directory: '/dev/ttyUSB0'
2026-08-19 14:48:15,291 [INFO] Serial connection lost:
2026-08-19 14:48:15,291 [INFO] [Errno 2] could not open port /dev/ttyUSB0: [Errno 2] No such file or directory: '/dev/ttyUSB0'
2026-08-19 14:48:16,793 [INFO] Serial connection lost:
2026-08-19 14:48:16,793 [INFO] [Errno 2] could not open port /dev/ttyUSB0: [Errno 2] No such file or directory: '/dev/ttyUSB0'
2026-08-19 14:48:18,294 [INFO] Serial connection lost:
2026-08-19 14:48:18,294 [INFO] [Errno 2] could not open port /dev/ttyUSB0: [Errno 2] No such file or directory: '/dev/ttyUSB0'
2026-08-19 14:48:19,795 [INFO] Serial connection lost:
2026-08-19 14:48:19,796 [INFO] [Errno 2] could not open port /dev/ttyUSB0: [Errno 2] No such file or directory: '/dev/ttyUSB0'
2026-08-19 14:48:21,297 [INFO] Serial connection lost:
2026-08-19 14:48:21,297 [INFO] [Errno 2] could not open port /dev/ttyUSB0: [Errno 2] No such file or directory: '/dev/ttyUSB0'
2026-08-19 14:48:22,798 [INFO] Serial connection lost:
2026-08-19 14:48:22,798 [INFO] [Errno 2] could not open port /dev/ttyUSB0: [Errno 2] No such file or directory: '/dev/ttyUSB0'
2026-08-19 14:48:24,300 [INFO] Serial connection lost:
2026-08-19 14:48:24,300 [INFO] [Errno 2] could not open port /dev/ttyUSB0: [Errno 2] No such file or directory: '/dev/ttyUSB0'
2026-08-19 14:48:25,801 [INFO] Serial connection lost:
2026-08-19 14:48:25,801 [INFO] [Errno 2] could not open port /dev/ttyUSB0: [Errno 2] No such file or directory: '/dev/ttyUSB0'
2026-08-19 14:48:27,302 [INFO] Serial connection lost:
2026-08-19 14:48:27,302 [INFO] [Errno 2] could not open port /dev/ttyUSB0: [Errno 2] No such file or directory: '/dev/ttyUSB0'
2026-08-19 14:48:28,804 [INFO] Serial connection lost:
2026-08-19 14:48:28,804 [INFO] [Errno 2] could not open port /dev/ttyUSB0: [Errno 2] No such file or directory: '/dev/ttyUSB0'
2026-08-19 14:48:29,527 [INFO] Watchdog: no response from serial port in 30s, forcing reconnect
2026-08-19 14:48:30,305 [INFO] Serial connection lost:
2026-08-19 14:48:30,305 [INFO] [Errno 2] could not open port /dev/ttyUSB0: [Errno 2] No such file or directory: '/dev/ttyUSB0'
2026-08-19 14:48:31,806 [INFO] Serial connection lost:
2026-08-19 14:48:31,806 [INFO] [Errno 2] could not open port /dev/ttyUSB0: [Errno 2] No such file or directory: '/dev/ttyUSB0'
2026-08-19 14:48:33,308 [INFO] Serial connection lost:
2026-08-19 14:48:33,308 [INFO] [Errno 2] could not open port /dev/ttyUSB0: [Errno 2] No such file or directory: '/dev/ttyUSB0'
2026-08-19 14:48:34,809 [INFO] Serial connection lost:
2026-08-19 14:48:34,809 [INFO] [Errno 2] could not open port /dev/ttyUSB0: [Errno 2] No such file or directory: '/dev/ttyUSB0'
2026-08-19 14:48:36,311 [INFO] Serial connection lost:
2026-08-19 14:48:36,311 [INFO] [Errno 2] could not open port /dev/ttyUSB0: [Errno 2] No such file or directory: '/dev/ttyUSB0'
2026-08-19 14:48:37,812 [INFO] Serial connection lost:
2026-08-19 14:48:37,812 [INFO] [Errno 2] could not open port /dev/ttyUSB0: [Errno 2] No such file or directory: '/dev/ttyUSB0'
2026-08-19 14:48:39,313 [INFO] Serial connection lost:
2026-08-19 14:48:39,313 [INFO] [Errno 2] could not open port /dev/ttyUSB0: [Errno 2] No such file or directory: '/dev/ttyUSB0'
2026-08-19 14:48:40,815 [INFO] Serial connection lost:
2026-08-19 14:48:40,815 [INFO] [Errno 2] could not open port /dev/ttyUSB0: [Errno 2] No such file or directory: '/dev/ttyUSB0'
2026-08-19 14:48:42,316 [INFO] Serial connection lost:
2026-08-19 14:48:42,316 [INFO] [Errno 2] could not open port /dev/ttyUSB0: [Errno 2] No such file or directory: '/dev/ttyUSB0'
2026-08-19 14:48:43,817 [INFO] Serial connection lost:
2026-08-19 14:48:43,818 [INFO] [Errno 2] could not open port /dev/ttyUSB0: [Errno 2] No such file or directory: '/dev/ttyUSB0'
2026-08-19 14:48:45,319 [INFO] Serial connection lost:
2026-08-19 14:48:45,319 [INFO] [Errno 2] could not open port /dev/ttyUSB0: [Errno 2] No such file or directory: '/dev/ttyUSB0'
2026-08-19 14:48:46,820 [INFO] Serial connection lost:
2026-08-19 14:48:46,820 [INFO] [Errno 2] could not open port /dev/ttyUSB0: [Errno 2] No such file or directory: '/dev/ttyUSB0'
2026-08-19 14:48:48,322 [INFO] Serial connection lost:
2026-08-19 14:48:48,322 [INFO] [Errno 2] could not open port /dev/ttyUSB0: [Errno 2] No such file or directory: '/dev/ttyUSB0'
2026-08-19 14:48:49,823 [INFO] Serial connection lost:
2026-08-19 14:48:49,823 [INFO] [Errno 2] could not open port /dev/ttyUSB0: [Errno 2] No such file or directory: '/dev/ttyUSB0'
2026-08-19 14:48:51,324 [INFO] Serial connection lost:
2026-08-19 14:48:51,325 [INFO] [Errno 2] could not open port /dev/ttyUSB0: [Errno 2] No such file or directory: '/dev/ttyUSB0'
2026-08-19 14:48:52,826 [INFO] Serial connection lost:
2026-08-19 14:48:52,826 [INFO] [Errno 2] could not open port /dev/ttyUSB0: [Errno 2] No such file or directory: '/dev/ttyUSB0'
2026-08-19 14:48:54,327 [INFO] Serial connection lost:
2026-08-19 14:48:54,327 [INFO] [Errno 2] could not open port /dev/ttyUSB0: [Errno 2] No such file or directory: '/dev/ttyUSB0'
2026-08-19 14:48:55,828 [INFO] Serial connection lost:
2026-08-19 14:48:55,829 [INFO] [Errno 2] could not open port /dev/ttyUSB0: [Errno 2] No such file or directory: '/dev/ttyUSB0'
2026-08-19 14:48:57,330 [INFO] Serial connection lost:
2026-08-19 14:48:57,330 [INFO] [Errno 2] could not open port /dev/ttyUSB0: [Errno 2] No such file or directory: '/dev/ttyUSB0'
2026-08-19 14:48:58,831 [INFO] Serial connection lost:
2026-08-19 14:48:58,831 [INFO] [Errno 2] could not open port /dev/ttyUSB0: [Errno 2] No such file or directory: '/dev/ttyUSB0'
2026-08-19 14:48:59,527 [INFO] Watchdog: no response from serial port in 30s, forcing reconnect
2026-08-19 14:49:00,333 [INFO] Serial connection lost:
2026-08-19 14:49:00,333 [INFO] [Errno 2] could not open port /dev/ttyUSB0: [Errno 2] No such file or directory: '/dev/ttyUSB0'
2026-08-19 14:49:01,834 [INFO] Serial connection lost:
2026-08-19 14:49:01,834 [INFO] [Errno 2] could not open port /dev/ttyUSB0: [Errno 2] No such file or directory: '/dev/ttyUSB0'
2026-08-19 14:49:03,335 [INFO] Serial connection lost:
2026-08-19 14:49:03,335 [INFO] [Errno 2] could not open port /dev/ttyUSB0: [Errno 2] No such file or directory: '/dev/ttyUSB0'
2026-08-19 14:49:04,837 [INFO] Serial connection lost:
2026-08-19 14:49:04,837 [INFO] [Errno 2] could not open port /dev/ttyUSB0: [Errno 2] No such file or directory: '/dev/ttyUSB0'
2026-08-19 14:49:06,338 [INFO] Serial connection lost:
2026-08-19 14:49:06,338 [INFO] [Errno 2] could not open port /dev/ttyUSB0: [Errno 2] No such file or directory: '/dev/ttyUSB0'
2026-08-19 14:49:07,839 [INFO] Serial connection lost:
2026-08-19 14:49:07,839 [INFO] [Errno 2] could not open port /dev/ttyUSB0: [Errno 2] No such file or directory: '/dev/ttyUSB0'
2026-08-19 14:49:09,341 [INFO] Serial connection lost:
2026-08-19 14:49:09,341 [INFO] [Errno 2] could not open port /dev/ttyUSB0: [Errno 2] No such file or directory: '/dev/ttyUSB0'
2026-08-19 14:49:10,842 [INFO] Serial connection lost:
2026-08-19 14:49:10,842 [INFO] [Errno 2] could not open port /dev/ttyUSB0: [Errno 2] No such file or directory: '/dev/ttyUSB0'
2026-08-19 14:49:12,343 [INFO] Serial connection lost:
2026-08-19 14:49:12,343 [INFO] [Errno 2] could not open port /dev/ttyUSB0: [Errno 2] No such file or directory: '/dev/ttyUSB0'
2026-08-19 14:49:13,845 [INFO] Serial connection lost:
2026-08-19 14:49:13,845 [INFO] [Errno 2] could not open port /dev/ttyUSB0: [Errno 2] No such file or directory: '/dev/ttyUSB0'
2026-08-19 14:49:15,346 [INFO] Serial connection lost:
2026-08-19 14:49:15,346 [INFO] [Errno 2] could not open port /dev/ttyUSB0: [Errno 2] No such file or directory: '/dev/ttyUSB0'
2026-08-19 14:49:16,848 [INFO] Serial connection lost:
2026-08-19 14:49:16,848 [INFO] [Errno 2] could not open port /dev/ttyUSB0: [Errno 2] No such file or directory: '/dev/ttyUSB0'
2026-08-19 14:49:18,349 [INFO] Serial connection lost:
2026-08-19 14:49:18,349 [INFO] [Errno 2] could not open port /dev/ttyUSB0: [Errno 2] No such file or directory: '/dev/ttyUSB0'
2026-08-19 14:49:19,850 [INFO] Serial connection lost:
2026-08-19 14:49:19,850 [INFO] [Errno 2] could not open port /dev/ttyUSB0: [Errno 2] No such file or directory: '/dev/ttyUSB0'
2026-08-19 14:49:21,352 [INFO] Serial connection lost:
2026-08-19 14:49:21,352 [INFO] [Errno 2] could not open port /dev/ttyUSB0: [Errno 2] No such file or directory: '/dev/ttyUSB0'
2026-08-19 14:49:22,853 [INFO] Serial connection lost:
2026-08-19 14:49:22,853 [INFO] [Errno 2] could not open port /dev/ttyUSB0: [Errno 2] No such file or directory: '/dev/ttyUSB0'
2026-08-19 14:49:24,354 [INFO] Serial connection lost:
2026-08-19 14:49:24,354 [INFO] [Errno 2] could not open port /dev/ttyUSB0: [Errno 2] No such file or directory: '/dev/ttyUSB0'
2026-08-19 14:49:25,856 [INFO] Serial connection lost:
2026-08-19 14:49:25,856 [INFO] [Errno 2] could not open port /dev/ttyUSB0: [Errno 2] No such file or directory: '/dev/ttyUSB0'
2026-08-19 14:49:27,357 [INFO] Serial connection lost:
2026-08-19 14:49:27,357 [INFO] [Errno 2] could not open port /dev/ttyUSB0: [Errno 2] No such file or directory: '/dev/ttyUSB0'
2026-08-19 14:49:28,858 [INFO] Serial connection lost:
2026-08-19 14:49:28,859 [INFO] [Errno 2] could not open port /dev/ttyUSB0: [Errno 2] No such file or directory: '/dev/ttyUSB0'
2026-08-19 14:49:30,360 [INFO] Serial connection lost:
2026-08-19 14:49:30,360 [INFO] [Errno 2] could not open port /dev/ttyUSB0: [Errno 2] No such file or directory: '/dev/ttyUSB0'
2026-08-19 14:49:30,524 [INFO] Watchdog: no response from serial port in 30s, forcing reconnect
2026-08-19 14:49:31,861 [INFO] Serial connection lost:
2026-08-19 14:49:31,861 [INFO] [Errno 2] could not open port /dev/ttyUSB0: [Errno 2] No such file or directory: '/dev/ttyUSB0'
2026-08-19 14:49:33,362 [INFO] Serial connection lost:
2026-08-19 14:49:33,363 [INFO] [Errno 2] could not open port /dev/ttyUSB0: [Errno 2] No such file or directory: '/dev/ttyUSB0'
2026-08-19 14:49:34,864 [INFO] Serial connection lost:
2026-08-19 14:49:34,864 [INFO] [Errno 2] could not open port /dev/ttyUSB0: [Errno 2] No such file or directory: '/dev/ttyUSB0'
2026-08-19 14:49:36,365 [INFO] Serial connection lost:
2026-08-19 14:49:36,366 [INFO] [Errno 2] could not open port /dev/ttyUSB0: [Errno 2] No such file or directory: '/dev/ttyUSB0'
2026-08-19 14:49:37,867 [INFO] Serial connection lost:
2026-08-19 14:49:37,867 [INFO] [Errno 2] could not open port /dev/ttyUSB0: [Errno 2] No such file or directory: '/dev/ttyUSB0'
2026-08-19 14:49:39,368 [INFO] Serial connection lost:
2026-08-19 14:49:39,368 [INFO] [Errno 2] could not open port /dev/ttyUSB0: [Errno 2] No such file or directory: '/dev/ttyUSB0'
2026-08-19 14:49:40,869 [INFO] Serial connection lost:
2026-08-19 14:49:40,870 [INFO] [Errno 2] could not open port /dev/ttyUSB0: [Errno 2] No such file or directory: '/dev/ttyUSB0'
2026-08-19 14:49:42,371 [INFO] Serial connection lost:
2026-08-19 14:49:42,371 [INFO] [Errno 2] could not open port /dev/ttyUSB0: [Errno 2] No such file or directory: '/dev/ttyUSB0'
2026-08-19 14:49:43,872 [INFO] Serial connection lost:
2026-08-19 14:49:43,872 [INFO] [Errno 2] could not open port /dev/ttyUSB0: [Errno 2] No such file or directory: '/dev/ttyUSB0'
2026-08-19 14:49:45,374 [INFO] Serial connection lost:
2026-08-19 14:49:45,374 [INFO] [Errno 2] could not open port /dev/ttyUSB0: [Errno 2] No such file or directory: '/dev/ttyUSB0'
2026-08-19 14:49:46,875 [INFO] Serial connection lost:
2026-08-19 14:49:46,875 [INFO] [Errno 2] could not open port /dev/ttyUSB0: [Errno 2] No such file or directory: '/dev/ttyUSB0'
2026-08-19 14:49:48,376 [INFO] Serial connection lost:
2026-08-19 14:49:48,377 [INFO] [Errno 2] could not open port /dev/ttyUSB0: [Errno 2] No such file or directory: '/dev/ttyUSB0'
2026-08-19 14:49:49,878 [INFO] Serial connection lost:
2026-08-19 14:49:49,878 [INFO] [Errno 2] could not open port /dev/ttyUSB0: [Errno 2] No such file or directory: '/dev/ttyUSB0'
2026-08-19 14:49:51,379 [INFO] Serial connection lost:
2026-08-19 14:49:51,379 [INFO] [Errno 2] could not open port /dev/ttyUSB0: [Errno 2] No such file or directory: '/dev/ttyUSB0'
2026-08-19 14:49:52,880 [INFO] Serial connection lost:
2026-08-19 14:49:52,881 [INFO] [Errno 2] could not open port /dev/ttyUSB0: [Errno 2] No such file or directory: '/dev/ttyUSB0'
2026-08-19 14:49:54,382 [INFO] Serial connection lost:
2026-08-19 14:49:54,382 [INFO] [Errno 2] could not open port /dev/ttyUSB0: [Errno 2] No such file or directory: '/dev/ttyUSB0'
2026-08-19 14:49:55,883 [INFO] Serial connection lost:
2026-08-19 14:49:55,883 [INFO] [Errno 2] could not open port /dev/ttyUSB0: [Errno 2] No such file or directory: '/dev/ttyUSB0'
2026-08-19 14:49:57,385 [INFO] Serial connection lost:
2026-08-19 14:49:57,385 [INFO] [Errno 2] could not open port /dev/ttyUSB0: [Errno 2] No such file or directory: '/dev/ttyUSB0'
2026-08-19 14:49:58,886 [INFO] Serial connection lost:
2026-08-19 14:49:58,886 [INFO] [Errno 2] could not open port /dev/ttyUSB0: [Errno 2] No such file or directory: '/dev/ttyUSB0'
2026-08-19 14:50:00,387 [INFO] Serial connection lost:
2026-08-19 14:50:00,388 [INFO] [Errno 2] could not open port /dev/ttyUSB0: [Errno 2] No such file or directory: '/dev/ttyUSB0'
2026-08-19 14:50:01,529 [INFO] Watchdog: no response from serial port in 30s, forcing reconnect
2026-08-19 14:50:01,889 [INFO] Serial connection lost:
2026-08-19 14:50:01,889 [INFO] [Errno 2] could not open port /dev/ttyUSB0: [Errno 2] No such file or directory: '/dev/ttyUSB0'
2026-08-19 14:50:03,390 [INFO] Serial connection lost:
2026-08-19 14:50:03,391 [INFO] [Errno 2] could not open port /dev/ttyUSB0: [Errno 2] No such file or directory: '/dev/ttyUSB0'
2026-08-19 14:50:04,892 [INFO] Serial connection lost:
2026-08-19 14:50:04,892 [INFO] [Errno 2] could not open port /dev/ttyUSB0: [Errno 2] No such file or directory: '/dev/ttyUSB0'
2026-08-19 14:50:06,393 [INFO] Serial connection lost:
2026-08-19 14:50:06,393 [INFO] [Errno 2] could not open port /dev/ttyUSB0: [Errno 2] No such file or directory: '/dev/ttyUSB0'
2026-08-19 14:50:07,894 [INFO] Serial connection lost:
2026-08-19 14:50:07,894 [INFO] [Errno 2] could not open port /dev/ttyUSB0: [Errno 2] No such file or directory: '/dev/ttyUSB0'
2026-08-19 14:50:09,396 [INFO] Serial connection lost:
2026-08-19 14:50:09,396 [INFO] [Errno 2] could not open port /dev/ttyUSB0: [Errno 2] No such file or directory: '/dev/ttyUSB0'
2026-08-19 14:50:10,897 [INFO] Serial connection lost:
2026-08-19 14:50:10,897 [INFO] [Errno 2] could not open port /dev/ttyUSB0: [Errno 2] No such file or directory: '/dev/ttyUSB0'
2026-08-19 14:50:12,398 [INFO] Serial connection lost:
2026-08-19 14:50:12,399 [INFO] [Errno 2] could not open port /dev/ttyUSB0: [Errno 2] No such file or directory: '/dev/ttyUSB0'
2026-08-19 14:50:13,900 [INFO] Serial connection lost:
2026-08-19 14:50:13,900 [INFO] [Errno 2] could not open port /dev/ttyUSB0: [Errno 2] No such file or directory: '/dev/ttyUSB0'
2026-08-19 14:50:15,401 [INFO] Serial connection lost:
2026-08-19 14:50:15,401 [INFO] [Errno 2] could not open port /dev/ttyUSB0: [Errno 2] No such file or directory: '/dev/ttyUSB0'
2026-08-19 14:50:16,902 [INFO] Serial connection lost:
2026-08-19 14:50:16,903 [INFO] [Errno 2] could not open port /dev/ttyUSB0: [Errno 2] No such file or directory: '/dev/ttyUSB0'
2026-08-19 14:50:18,404 [INFO] Serial connection lost:
2026-08-19 14:50:18,404 [INFO] [Errno 2] could not open port /dev/ttyUSB0: [Errno 2] No such file or directory: '/dev/ttyUSB0'
2026-08-19 14:50:19,905 [INFO] Serial connection lost:
2026-08-19 14:50:19,905 [INFO] [Errno 2] could not open port /dev/ttyUSB0: [Errno 2] No such file or directory: '/dev/ttyUSB0'
2026-08-19 14:50:21,407 [INFO] Serial connection lost:
2026-08-19 14:50:21,407 [INFO] [Errno 2] could not open port /dev/ttyUSB0: [Errno 2] No such file or directory: '/dev/ttyUSB0'
2026-08-19 14:50:22,908 [INFO] Serial connection lost:
2026-08-19 14:50:22,908 [INFO] [Errno 2] could not open port /dev/ttyUSB0: [Errno 2] No such file or directory: '/dev/ttyUSB0'
2026-08-19 14:50:24,409 [INFO] Serial connection lost:
2026-08-19 14:50:24,409 [INFO] [Errno 2] could not open port /dev/ttyUSB0: [Errno 2] No such file or directory: '/dev/ttyUSB0'
2026-08-19 14:50:25,911 [INFO] Serial connection lost:
2026-08-19 14:50:25,911 [INFO] [Errno 2] could not open port /dev/ttyUSB0: [Errno 2] No such file or directory: '/dev/ttyUSB0'
2026-08-19 14:50:27,412 [INFO] Serial connection lost:
2026-08-19 14:50:27,412 [INFO] [Errno 2] could not open port /dev/ttyUSB0: [Errno 2] No such file or directory: '/dev/ttyUSB0'
2026-08-19 14:50:28,913 [INFO] Serial connection lost:
2026-08-19 14:50:28,913 [INFO] [Errno 2] could not open port /dev/ttyUSB0: [Errno 2] No such file or directory: '/dev/ttyUSB0'
2026-08-19 14:50:30,415 [INFO] Serial connection lost:
2026-08-19 14:50:30,415 [INFO] [Errno 2] could not open port /dev/ttyUSB0: [Errno 2] No such file or directory: '/dev/ttyUSB0'
2026-08-19 14:50:31,916 [INFO] Serial connection lost:
2026-08-19 14:50:31,916 [INFO] [Errno 2] could not open port /dev/ttyUSB0: [Errno 2] No such file or directory: '/dev/ttyUSB0'
2026-08-19 14:50:32,526 [INFO] Watchdog: no response from serial port in 30s, forcing reconnect
2026-08-19 14:50:33,417 [INFO] Serial connection lost:
2026-08-19 14:50:33,417 [INFO] [Errno 2] could not open port /dev/ttyUSB0: [Errno 2] No such file or directory: '/dev/ttyUSB0'
2026-08-19 14:50:34,919 [INFO] Serial connection lost:
2026-08-19 14:50:34,919 [INFO] [Errno 2] could not open port /dev/ttyUSB0: [Errno 2] No such file or directory: '/dev/ttyUSB0'
2026-08-19 14:50:36,420 [INFO] Serial connection lost:
2026-08-19 14:50:36,420 [INFO] [Errno 2] could not open port /dev/ttyUSB0: [Errno 2] No such file or directory: '/dev/ttyUSB0'
2026-08-19 14:50:37,921 [INFO] Serial connection lost:
2026-08-19 14:50:37,921 [INFO] [Errno 2] could not open port /dev/ttyUSB0: [Errno 2] No such file or directory: '/dev/ttyUSB0'
2026-08-19 14:50:39,423 [INFO] Serial connection lost:
2026-08-19 14:50:39,423 [INFO] [Errno 2] could not open port /dev/ttyUSB0: [Errno 2] No such file or directory: '/dev/ttyUSB0'
2026-08-19 14:50:40,924 [INFO] Serial connection lost:
2026-08-19 14:50:40,924 [INFO] [Errno 2] could not open port /dev/ttyUSB0: [Errno 2] No such file or directory: '/dev/ttyUSB0'
2026-08-19 14:50:42,426 [INFO] Serial connection lost:
2026-08-19 14:50:42,426 [INFO] [Errno 2] could not open port /dev/ttyUSB0: [Errno 2] No such file or directory: '/dev/ttyUSB0'
2026-08-19 14:50:43,927 [INFO] Serial connection lost:
2026-08-19 14:50:43,927 [INFO] [Errno 2] could not open port /dev/ttyUSB0: [Errno 2] No such file or directory: '/dev/ttyUSB0'
2026-08-19 14:50:45,428 [INFO] Serial connection lost:
2026-08-19 14:50:45,428 [INFO] [Errno 2] could not open port /dev/ttyUSB0: [Errno 2] No such file or directory: '/dev/ttyUSB0'
2026-08-19 14:50:46,930 [INFO] Serial connection lost:
2026-08-19 14:50:46,930 [INFO] [Errno 2] could not open port /dev/ttyUSB0: [Errno 2] No such file or directory: '/dev/ttyUSB0'
2026-08-19 14:50:48,431 [INFO] Serial connection lost:
2026-08-19 14:50:48,431 [INFO] [Errno 2] could not open port /dev/ttyUSB0: [Errno 2] No such file or directory: '/dev/ttyUSB0'
2026-08-19 14:50:49,932 [INFO] Serial connection lost:
2026-08-19 14:50:49,932 [INFO] [Errno 2] could not open port /dev/ttyUSB0: [Errno 2] No such file or directory: '/dev/ttyUSB0'
2026-08-19 14:50:51,434 [INFO] Serial connection lost:
2026-08-19 14:50:51,434 [INFO] [Errno 2] could not open port /dev/ttyUSB0: [Errno 2] No such file or directory: '/dev/ttyUSB0'
2026-08-19 14:50:52,935 [INFO] Serial connection lost:
2026-08-19 14:50:52,935 [INFO] [Errno 2] could not open port /dev/ttyUSB0: [Errno 2] No such file or directory: '/dev/ttyUSB0'
2026-08-19 14:50:54,436 [INFO] Serial connection lost:
2026-08-19 14:50:54,437 [INFO] [Errno 2] could not open port /dev/ttyUSB0: [Errno 2] No such file or directory: '/dev/ttyUSB0'
2026-08-19 14:50:55,938 [INFO] Serial connection lost:
2026-08-19 14:50:55,938 [INFO] [Errno 2] could not open port /dev/ttyUSB0: [Errno 2] No such file or directory: '/dev/ttyUSB0'
2026-08-19 14:50:57,439 [INFO] Serial connection lost:
2026-08-19 14:50:57,439 [INFO] [Errno 2] could not open port /dev/ttyUSB0: [Errno 2] No such file or directory: '/dev/ttyUSB0'
2026-08-19 14:50:58,941 [INFO] Serial connection lost:
2026-08-19 14:50:58,941 [INFO] [Errno 2] could not open port /dev/ttyUSB0: [Errno 2] No such file or directory: '/dev/ttyUSB0'
2026-08-19 14:51:00,442 [INFO] Serial connection lost:
2026-08-19 14:51:00,442 [INFO] [Errno 2] could not open port /dev/ttyUSB0: [Errno 2] No such file or directory: '/dev/ttyUSB0'
2026-08-19 14:51:01,943 [INFO] Serial connection lost:
2026-08-19 14:51:01,944 [INFO] [Errno 2] could not open port /dev/ttyUSB0: [Errno 2] No such file or directory: '/dev/ttyUSB0'
2026-08-19 14:51:02,527 [INFO] Watchdog: no response from serial port in 30s, forcing reconnect
2026-08-19 14:51:03,445 [INFO] Serial connection lost:
2026-08-19 14:51:03,445 [INFO] [Errno 2] could not open port /dev/ttyUSB0: [Errno 2] No such file or directory: '/dev/ttyUSB0'
2026-08-19 14:51:04,946 [INFO] Serial connection lost:
2026-08-19 14:51:04,946 [INFO] [Errno 2] could not open port /dev/ttyUSB0: [Errno 2] No such file or directory: '/dev/ttyUSB0'
2026-08-19 14:51:06,447 [INFO] Serial connection lost:
2026-08-19 14:51:06,448 [INFO] [Errno 2] could not open port /dev/ttyUSB0: [Errno 2] No such file or directory: '/dev/ttyUSB0'
2026-08-19 14:51:07,949 [INFO] Serial connection lost:
2026-08-19 14:51:07,949 [INFO] [Errno 2] could not open port /dev/ttyUSB0: [Errno 2] No such file or directory: '/dev/ttyUSB0'
2026-08-19 14:51:09,450 [INFO] Serial connection lost:
2026-08-19 14:51:09,450 [INFO] [Errno 2] could not open port /dev/ttyUSB0: [Errno 2] No such file or directory: '/dev/ttyUSB0'
2026-08-19 14:51:10,951 [INFO] Serial connection lost:
2026-08-19 14:51:10,951 [INFO] [Errno 2] could not open port /dev/ttyUSB0: [Errno 2] No such file or directory: '/dev/ttyUSB0'
2026-08-19 14:51:12,453 [INFO] Serial connection lost:
2026-08-19 14:51:12,453 [INFO] [Errno 2] could not open port /dev/ttyUSB0: [Errno 2] No such file or directory: '/dev/ttyUSB0'
2026-08-19 14:51:13,954 [INFO] Serial connection lost:
2026-08-19 14:51:13,954 [INFO] [Errno 2] could not open port /dev/ttyUSB0: [Errno 2] No such file or directory: '/dev/ttyUSB0'
2026-08-19 14:51:15,455 [INFO] Serial connection lost:
2026-08-19 14:51:15,456 [INFO] [Errno 2] could not open port /dev/ttyUSB0: [Errno 2] No such file or directory: '/dev/ttyUSB0'
2026-08-19 14:51:16,957 [INFO] Serial connection lost:
2026-08-19 14:51:16,957 [INFO] [Errno 2] could not open port /dev/ttyUSB0: [Errno 2] No such file or directory: '/dev/ttyUSB0'
2026-08-19 14:51:18,458 [INFO] Serial connection lost:
2026-08-19 14:51:18,458 [INFO] [Errno 2] could not open port /dev/ttyUSB0: [Errno 2] No such file or directory: '/dev/ttyUSB0'
2026-08-19 14:51:19,960 [INFO] Serial connection lost:
2026-08-19 14:51:19,960 [INFO] [Errno 2] could not open port /dev/ttyUSB0: [Errno 2] No such file or directory: '/dev/ttyUSB0'
2026-08-19 14:51:21,461 [INFO] Serial connection lost:
2026-08-19 14:51:21,461 [INFO] [Errno 2] could not open port /dev/ttyUSB0: [Errno 2] No such file or directory: '/dev/ttyUSB0'
2026-08-19 14:51:22,962 [INFO] Serial connection lost:
2026-08-19 14:51:22,962 [INFO] [Errno 2] could not open port /dev/ttyUSB0: [Errno 2] No such file or directory: '/dev/ttyUSB0'
2026-08-19 14:51:24,464 [INFO] Serial connection lost:
2026-08-19 14:51:24,464 [INFO] [Errno 2] could not open port /dev/ttyUSB0: [Errno 2] No such file or directory: '/dev/ttyUSB0'
2026-08-19 14:51:25,965 [INFO] Serial connection lost:
2026-08-19 14:51:25,965 [INFO] [Errno 2] could not open port /dev/ttyUSB0: [Errno 2] No such file or directory: '/dev/ttyUSB0'
2026-08-19 14:51:27,466 [INFO] Serial connection lost:
2026-08-19 14:51:27,467 [INFO] [Errno 2] could not open port /dev/ttyUSB0: [Errno 2] No such file or directory: '/dev/ttyUSB0'
2026-08-19 14:51:28,968 [INFO] Serial connection lost:
2026-08-19 14:51:28,968 [INFO] [Errno 2] could not open port /dev/ttyUSB0: [Errno 2] No such file or directory: '/dev/ttyUSB0'
2026-08-19 14:51:30,469 [INFO] Serial connection lost:
2026-08-19 14:51:30,469 [INFO] [Errno 2] could not open port /dev/ttyUSB0: [Errno 2] No such file or directory: '/dev/ttyUSB0'
2026-08-19 14:51:31,970 [INFO] Serial connection lost:
2026-08-19 14:51:31,970 [INFO] [Errno 2] could not open port /dev/ttyUSB0: [Errno 2] No such file or directory: '/dev/ttyUSB0'
2026-08-19 14:51:33,472 [INFO] Serial connection lost:
2026-08-19 14:51:33,472 [INFO] [Errno 2] could not open port /dev/ttyUSB0: [Errno 2] No such file or directory: '/dev/ttyUSB0'
2026-08-19 14:51:33,523 [INFO] Watchdog: no response from serial port in 30s, forcing reconnect
2026-08-19 14:51:34,973 [INFO] Serial connection lost:
2026-08-19 14:51:34,973 [INFO] [Errno 2] could not open port /dev/ttyUSB0: [Errno 2] No such file or directory: '/dev/ttyUSB0'
2026-08-19 14:51:36,474 [INFO] Serial connection lost:
2026-08-19 14:51:36,475 [INFO] [Errno 2] could not open port /dev/ttyUSB0: [Errno 2] No such file or directory: '/dev/ttyUSB0'
2026-08-19 14:51:37,976 [INFO] Serial connection lost:
2026-08-19 14:51:37,976 [INFO] [Errno 2] could not open port /dev/ttyUSB0: [Errno 2] No such file or directory: '/dev/ttyUSB0'
2026-08-19 14:51:39,477 [INFO] Serial connection lost:
2026-08-19 14:51:39,477 [INFO] [Errno 2] could not open port /dev/ttyUSB0: [Errno 2] No such file or directory: '/dev/ttyUSB0'
2026-08-19 14:51:40,979 [INFO] Serial connection lost:
2026-08-19 14:51:40,979 [INFO] [Errno 2] could not open port /dev/ttyUSB0: [Errno 2] No such file or directory: '/dev/ttyUSB0'
2026-08-19 14:51:42,480 [INFO] Serial connection lost:
2026-08-19 14:51:42,480 [INFO] [Errno 2] could not open port /dev/ttyUSB0: [Errno 2] No such file or directory: '/dev/ttyUSB0'
2026-08-19 14:51:43,981 [INFO] Serial connection lost:
2026-08-19 14:51:43,981 [INFO] [Errno 2] could not open port /dev/ttyUSB0: [Errno 2] No such file or directory: '/dev/ttyUSB0'
2026-08-19 14:51:45,483 [INFO] Serial connection lost:
2026-08-19 14:51:45,483 [INFO] [Errno 2] could not open port /dev/ttyUSB0: [Errno 2] No such file or directory: '/dev/ttyUSB0'
2026-08-19 14:51:46,984 [INFO] Serial connection lost:
2026-08-19 14:51:46,984 [INFO] [Errno 2] could not open port /dev/ttyUSB0: [Errno 2] No such file or directory: '/dev/ttyUSB0'
2026-08-19 14:51:48,486 [INFO] Serial connection lost:
2026-08-19 14:51:48,486 [INFO] [Errno 2] could not open port /dev/ttyUSB0: [Errno 2] No such file or directory: '/dev/ttyUSB0'
2026-08-19 14:51:49,987 [INFO] Serial connection lost:
2026-08-19 14:51:49,987 [INFO] [Errno 2] could not open port /dev/ttyUSB0: [Errno 2] No such file or directory: '/dev/ttyUSB0'
2026-08-19 14:51:51,488 [INFO] Serial connection lost:
2026-08-19 14:51:51,488 [INFO] [Errno 2] could not open port /dev/ttyUSB0: [Errno 2] No such file or directory: '/dev/ttyUSB0'
2026-08-19 14:51:52,990 [INFO] Serial connection lost:
2026-08-19 14:51:52,990 [INFO] [Errno 2] could not open port /dev/ttyUSB0: [Errno 2] No such file or directory: '/dev/ttyUSB0'
2026-08-19 14:51:54,491 [INFO] Serial connection lost:
2026-08-19 14:51:54,491 [INFO] [Errno 2] could not open port /dev/ttyUSB0: [Errno 2] No such file or directory: '/dev/ttyUSB0'
2026-08-19 14:51:55,992 [INFO] Serial connection lost:
2026-08-19 14:51:55,993 [INFO] [Errno 2] could not open port /dev/ttyUSB0: [Errno 2] No such file or directory: '/dev/ttyUSB0'
2026-08-19 14:51:57,494 [INFO] Serial connection lost:
2026-08-19 14:51:57,494 [INFO] [Errno 2] could not open port /dev/ttyUSB0: [Errno 2] No such file or directory: '/dev/ttyUSB0'
2026-08-19 14:51:58,995 [INFO] Serial connection lost:
2026-08-19 14:51:58,995 [INFO] [Errno 2] could not open port /dev/ttyUSB0: [Errno 2] No such file or directory: '/dev/ttyUSB0'
2026-08-19 14:52:00,497 [INFO] Serial connection lost:
2026-08-19 14:52:00,497 [INFO] [Errno 2] could not open port /dev/ttyUSB0: [Errno 2] No such file or directory: '/dev/ttyUSB0'
2026-08-19 14:52:01,998 [INFO] Serial connection lost:
2026-08-19 14:52:01,998 [INFO] [Errno 2] could not open port /dev/ttyUSB0: [Errno 2] No such file or directory: '/dev/ttyUSB0'
2026-08-19 14:52:03,499 [INFO] Serial connection lost:
2026-08-19 14:52:03,499 [INFO] [Errno 2] could not open port /dev/ttyUSB0: [Errno 2] No such file or directory: '/dev/ttyUSB0'
2026-08-19 14:52:03,524 [INFO] Watchdog: no response from serial port in 30s, forcing reconnect
2026-08-19 14:52:05,001 [INFO] Serial connection lost:
2026-08-19 14:52:05,001 [INFO] [Errno 2] could not open port /dev/ttyUSB0: [Errno 2] No such file or directory: '/dev/ttyUSB0'
2026-08-19 14:52:06,502 [INFO] Serial connection lost:
2026-08-19 14:52:06,502 [INFO] [Errno 2] could not open port /dev/ttyUSB0: [Errno 2] No such file or directory: '/dev/ttyUSB0'
2026-08-19 14:52:08,004 [INFO] Serial connection lost:
2026-08-19 14:52:08,004 [INFO] [Errno 2] could not open port /dev/ttyUSB0: [Errno 2] No such file or directory: '/dev/ttyUSB0'
2026-08-19 14:52:09,505 [INFO] Serial connection lost:
2026-08-19 14:52:09,505 [INFO] [Errno 2] could not open port /dev/ttyUSB0: [Errno 2] No such file or directory: '/dev/ttyUSB0'
2026-08-19 14:52:11,006 [INFO] Serial connection lost:
2026-08-19 14:52:11,006 [INFO] [Errno 2] could not open port /dev/ttyUSB0: [Errno 2] No such file or directory: '/dev/ttyUSB0'
2026-08-19 14:52:12,508 [INFO] Serial connection lost:
2026-08-19 14:52:12,508 [INFO] [Errno 2] could not open port /dev/ttyUSB0: [Errno 2] No such file or directory: '/dev/ttyUSB0'
2026-08-19 14:52:14,009 [INFO] Serial connection lost:
2026-08-19 14:52:14,009 [INFO] [Errno 2] could not open port /dev/ttyUSB0: [Errno 2] No such file or directory: '/dev/ttyUSB0'
2026-08-19 14:52:15,510 [INFO] Serial connection lost:
2026-08-19 14:52:15,510 [INFO] [Errno 2] could not open port /dev/ttyUSB0: [Errno 2] No such file or directory: '/dev/ttyUSB0'
2026-08-19 14:52:17,012 [INFO] Serial connection lost:
2026-08-19 14:52:17,012 [INFO] [Errno 2] could not open port /dev/ttyUSB0: [Errno 2] No such file or directory: '/dev/ttyUSB0'
2026-08-19 14:52:18,513 [INFO] Serial connection lost:
2026-08-19 14:52:18,513 [INFO] [Errno 2] could not open port /dev/ttyUSB0: [Errno 2] No such file or directory: '/dev/ttyUSB0'
2026-08-19 14:52:20,014 [INFO] Serial connection lost:
2026-08-19 14:52:20,015 [INFO] [Errno 2] could not open port /dev/ttyUSB0: [Errno 2] No such file or directory: '/dev/ttyUSB0'
2026-08-19 14:52:21,516 [INFO] Serial connection lost:
2026-08-19 14:52:21,516 [INFO] [Errno 2] could not open port /dev/ttyUSB0: [Errno 2] No such file or directory: '/dev/ttyUSB0'
2026-08-19 14:52:23,017 [INFO] Serial connection lost:
2026-08-19 14:52:23,017 [INFO] [Errno 2] could not open port /dev/ttyUSB0: [Errno 2] No such file or directory: '/dev/ttyUSB0'
2026-08-19 14:52:24,518 [INFO] Serial connection lost:
2026-08-19 14:52:24,518 [INFO] [Errno 2] could not open port /dev/ttyUSB0: [Errno 2] No such file or directory: '/dev/ttyUSB0'
2026-08-19 14:52:26,020 [INFO] Serial connection lost:
2026-08-19 14:52:26,020 [INFO] [Errno 2] could not open port /dev/ttyUSB0: [Errno 2] No such file or directory: '/dev/ttyUSB0'
2026-08-19 14:52:27,521 [INFO] Serial connection lost:
2026-08-19 14:52:27,521 [INFO] [Errno 2] could not open port /dev/ttyUSB0: [Errno 2] No such file or directory: '/dev/ttyUSB0'
2026-08-19 14:52:29,022 [INFO] Serial connection lost:
2026-08-19 14:52:29,022 [INFO] [Errno 2] could not open port /dev/ttyUSB0: [Errno 2] No such file or directory: '/dev/ttyUSB0'
2026-08-19 14:52:30,523 [INFO] Serial connection lost:
2026-08-19 14:52:30,524 [INFO] [Errno 2] could not open port /dev/ttyUSB0: [Errno 2] No such file or directory: '/dev/ttyUSB0'
2026-08-19 14:52:32,025 [INFO] Serial connection lost:
2026-08-19 14:52:32,025 [INFO] [Errno 2] could not open port /dev/ttyUSB0: [Errno 2] No such file or directory: '/dev/ttyUSB0'
2026-08-19 14:52:33,526 [INFO] Serial connection lost:
2026-08-19 14:52:33,526 [INFO] [Errno 2] could not open port /dev/ttyUSB0: [Errno 2] No such file or directory: '/dev/ttyUSB0'
2026-08-19 14:52:33,526 [INFO] Watchdog: no response from serial port in 30s, forcing reconnect
2026-08-19 14:52:35,028 [INFO] Serial connection lost:
2026-08-19 14:52:35,028 [INFO] [Errno 2] could not open port /dev/ttyUSB0: [Errno 2] No such file or directory: '/dev/ttyUSB0'
2026-08-19 14:52:36,529 [INFO] Serial connection lost:
2026-08-19 14:52:36,529 [INFO] [Errno 2] could not open port /dev/ttyUSB0: [Errno 2] No such file or directory: '/dev/ttyUSB0'
2026-08-19 14:52:38,030 [INFO] Serial connection lost:
2026-08-19 14:52:38,031 [INFO] [Errno 2] could not open port /dev/ttyUSB0: [Errno 2] No such file or directory: '/dev/ttyUSB0'
2026-08-19 14:52:39,532 [INFO] Serial connection lost:
2026-08-19 14:52:39,532 [INFO] [Errno 2] could not open port /dev/ttyUSB0: [Errno 2] No such file or directory: '/dev/ttyUSB0'
2026-08-19 14:52:41,033 [INFO] Serial connection lost:
2026-08-19 14:52:41,033 [INFO] [Errno 2] could not open port /dev/ttyUSB0: [Errno 2] No such file or directory: '/dev/ttyUSB0'
2026-08-19 14:52:42,534 [INFO] Serial connection lost:
2026-08-19 14:52:42,535 [INFO] [Errno 2] could not open port /dev/ttyUSB0: [Errno 2] No such file or directory: '/dev/ttyUSB0'
2026-08-19 14:52:44,036 [INFO] Serial connection lost:
2026-08-19 14:52:44,036 [INFO] [Errno 2] could not open port /dev/ttyUSB0: [Errno 2] No such file or directory: '/dev/ttyUSB0'
2026-08-19 14:52:45,537 [INFO] Serial connection lost:
2026-08-19 14:52:45,537 [INFO] [Errno 2] could not open port /dev/ttyUSB0: [Errno 2] No such file or directory: '/dev/ttyUSB0'
2026-08-19 14:52:47,038 [INFO] Serial connection lost:
2026-08-19 14:52:47,039 [INFO] [Errno 2] could not open port /dev/ttyUSB0: [Errno 2] No such file or directory: '/dev/ttyUSB0'
2026-08-19 14:52:48,540 [INFO] Serial connection lost:
2026-08-19 14:52:48,540 [INFO] [Errno 2] could not open port /dev/ttyUSB0: [Errno 2] No such file or directory: '/dev/ttyUSB0'
2026-08-19 14:52:50,041 [INFO] Serial connection lost:
2026-08-19 14:52:50,041 [INFO] [Errno 2] could not open port /dev/ttyUSB0: [Errno 2] No such file or directory: '/dev/ttyUSB0'
2026-08-19 14:52:51,543 [INFO] Serial connection lost:
2026-08-19 14:52:51,543 [INFO] [Errno 2] could not open port /dev/ttyUSB0: [Errno 2] No such file or directory: '/dev/ttyUSB0'
2026-08-19 14:52:53,044 [INFO] Serial connection lost:
2026-08-19 14:52:53,044 [INFO] [Errno 2] could not open port /dev/ttyUSB0: [Errno 2] No such file or directory: '/dev/ttyUSB0'
2026-08-19 14:52:54,545 [INFO] Serial connection lost:
2026-08-19 14:52:54,545 [INFO] [Errno 2] could not open port /dev/ttyUSB0: [Errno 2] No such file or directory: '/dev/ttyUSB0'
2026-08-19 14:52:56,047 [INFO] Serial connection lost:
2026-08-19 14:52:56,047 [INFO] [Errno 2] could not open port /dev/ttyUSB0: [Errno 2] No such file or directory: '/dev/ttyUSB0'
2026-08-19 14:52:57,548 [INFO] Serial connection lost:
2026-08-19 14:52:57,548 [INFO] [Errno 2] could not open port /dev/ttyUSB0: [Errno 2] No such file or directory: '/dev/ttyUSB0'
2026-08-19 14:52:59,049 [INFO] Serial connection lost:
2026-08-19 14:52:59,049 [INFO] [Errno 2] could not open port /dev/ttyUSB0: [Errno 2] No such file or directory: '/dev/ttyUSB0'
2026-08-19 14:53:00,551 [INFO] Serial connection lost:
2026-08-19 14:53:00,551 [INFO] [Errno 2] could not open port /dev/ttyUSB0: [Errno 2] No such file or directory: '/dev/ttyUSB0'
2026-08-19 14:53:02,052 [INFO] Serial connection lost:
2026-08-19 14:53:02,052 [INFO] [Errno 2] could not open port /dev/ttyUSB0: [Errno 2] No such file or directory: '/dev/ttyUSB0'
2026-08-19 14:53:03,529 [INFO] Watchdog: no response from serial port in 30s, forcing reconnect
2026-08-19 14:53:03,553 [INFO] Serial connection lost:
2026-08-19 14:53:03,553 [INFO] [Errno 2] could not open port /dev/ttyUSB0: [Errno 2] No such file or directory: '/dev/ttyUSB0'
2026-08-19 14:53:05,055 [INFO] Serial connection lost:
2026-08-19 14:53:05,055 [INFO] [Errno 2] could not open port /dev/ttyUSB0: [Errno 2] No such file or directory: '/dev/ttyUSB0'
2026-08-19 14:53:06,556 [INFO] Serial connection lost:
2026-08-19 14:53:06,556 [INFO] [Errno 2] could not open port /dev/ttyUSB0: [Errno 2] No such file or directory: '/dev/ttyUSB0'
2026-08-19 14:53:08,057 [INFO] Serial connection lost:
2026-08-19 14:53:08,058 [INFO] [Errno 2] could not open port /dev/ttyUSB0: [Errno 2] No such file or directory: '/dev/ttyUSB0'
2026-08-19 14:53:09,559 [INFO] Serial connection lost:
2026-08-19 14:53:09,559 [INFO] [Errno 2] could not open port /dev/ttyUSB0: [Errno 2] No such file or directory: '/dev/ttyUSB0'
2026-08-19 14:53:11,060 [INFO] Serial connection lost:
2026-08-19 14:53:11,060 [INFO] [Errno 2] could not open port /dev/ttyUSB0: [Errno 2] No such file or directory: '/dev/ttyUSB0'
2026-08-19 14:53:12,562 [INFO] Serial connection lost:
2026-08-19 14:53:12,562 [INFO] [Errno 2] could not open port /dev/ttyUSB0: [Errno 2] No such file or directory: '/dev/ttyUSB0'
2026-08-19 14:53:14,063 [INFO] Serial connection lost:
2026-08-19 14:53:14,063 [INFO] [Errno 2] could not open port /dev/ttyUSB0: [Errno 2] No such file or directory: '/dev/ttyUSB0'
2026-08-19 14:53:15,564 [INFO] Serial connection lost:
2026-08-19 14:53:15,564 [INFO] [Errno 2] could not open port /dev/ttyUSB0: [Errno 2] No such file or directory: '/dev/ttyUSB0'
2026-08-19 14:53:17,066 [INFO] Serial connection lost:
2026-08-19 14:53:17,066 [INFO] [Errno 2] could not open port /dev/ttyUSB0: [Errno 2] No such file or directory: '/dev/ttyUSB0'
2026-08-19 14:53:18,567 [INFO] Serial connection lost:
2026-08-19 14:53:18,567 [INFO] [Errno 2] could not open port /dev/ttyUSB0: [Errno 2] No such file or directory: '/dev/ttyUSB0'
2026-08-19 14:53:20,068 [INFO] Serial connection lost:
2026-08-19 14:53:20,069 [INFO] [Errno 2] could not open port /dev/ttyUSB0: [Errno 2] No such file or directory: '/dev/ttyUSB0'
2026-08-19 14:53:21,570 [INFO] Serial connection lost:
2026-08-19 14:53:21,570 [INFO] [Errno 2] could not open port /dev/ttyUSB0: [Errno 2] No such file or directory: '/dev/ttyUSB0'
2026-08-19 14:53:23,071 [INFO] Serial connection lost:
2026-08-19 14:53:23,071 [INFO] [Errno 2] could not open port /dev/ttyUSB0: [Errno 2] No such file or directory: '/dev/ttyUSB0'
2026-08-19 14:53:24,573 [INFO] Serial connection lost:
2026-08-19 14:53:24,573 [INFO] [Errno 2] could not open port /dev/ttyUSB0: [Errno 2] No such file or directory: '/dev/ttyUSB0'
2026-08-19 14:53:26,074 [INFO] Serial connection lost:
2026-08-19 14:53:26,074 [INFO] [Errno 2] could not open port /dev/ttyUSB0: [Errno 2] No such file or directory: '/dev/ttyUSB0'
2026-08-19 14:53:27,575 [INFO] Serial connection lost:
2026-08-19 14:53:27,575 [INFO] [Errno 2] could not open port /dev/ttyUSB0: [Errno 2] No such file or directory: '/dev/ttyUSB0'
2026-08-19 14:53:29,077 [INFO] Serial connection lost:
2026-08-19 14:53:29,077 [INFO] [Errno 2] could not open port /dev/ttyUSB0: [Errno 2] No such file or directory: '/dev/ttyUSB0'
2026-08-19 14:53:30,578 [INFO] Serial connection lost:
2026-08-19 14:53:30,578 [INFO] [Errno 2] could not open port /dev/ttyUSB0: [Errno 2] No such file or directory: '/dev/ttyUSB0'
2026-08-19 14:53:32,079 [INFO] Serial connection lost:
2026-08-19 14:53:32,079 [INFO] [Errno 2] could not open port /dev/ttyUSB0: [Errno 2] No such file or directory: '/dev/ttyUSB0'
2026-08-19 14:53:33,581 [INFO] Serial connection lost:
2026-08-19 14:53:33,581 [INFO] [Errno 2] could not open port /dev/ttyUSB0: [Errno 2] No such file or directory: '/dev/ttyUSB0'
2026-08-19 14:53:34,528 [INFO] Watchdog: no response from serial port in 30s, forcing reconnect
2026-08-19 14:53:35,082 [INFO] Serial connection lost:
2026-08-19 14:53:35,082 [INFO] [Errno 2] could not open port /dev/ttyUSB0: [Errno 2] No such file or directory: '/dev/ttyUSB0'
2026-08-19 14:53:36,583 [INFO] Serial connection lost:
2026-08-19 14:53:36,583 [INFO] [Errno 2] could not open port /dev/ttyUSB0: [Errno 2] No such file or directory: '/dev/ttyUSB0'
2026-08-19 14:53:38,085 [INFO] Serial connection lost:
2026-08-19 14:53:38,085 [INFO] [Errno 2] could not open port /dev/ttyUSB0: [Errno 2] No such file or directory: '/dev/ttyUSB0'
2026-08-19 14:53:39,586 [INFO] Serial connection lost:
2026-08-19 14:53:39,586 [INFO] [Errno 2] could not open port /dev/ttyUSB0: [Errno 2] No such file or directory: '/dev/ttyUSB0'
2026-08-19 14:53:41,087 [INFO] Serial connection lost:
2026-08-19 14:53:41,088 [INFO] [Errno 2] could not open port /dev/ttyUSB0: [Errno 2] No such file or directory: '/dev/ttyUSB0'
2026-08-19 14:53:42,589 [INFO] Serial connection lost:
2026-08-19 14:53:42,589 [INFO] [Errno 2] could not open port /dev/ttyUSB0: [Errno 2] No such file or directory: '/dev/ttyUSB0'
2026-08-19 14:53:44,090 [INFO] Serial connection lost:
2026-08-19 14:53:44,090 [INFO] [Errno 2] could not open port /dev/ttyUSB0: [Errno 2] No such file or directory: '/dev/ttyUSB0'
2026-08-19 14:53:45,592 [INFO] Serial connection lost:
2026-08-19 14:53:45,592 [INFO] [Errno 2] could not open port /dev/ttyUSB0: [Errno 2] No such file or directory: '/dev/ttyUSB0'
2026-08-19 14:53:47,093 [INFO] Serial connection lost:
2026-08-19 14:53:47,093 [INFO] [Errno 2] could not open port /dev/ttyUSB0: [Errno 2] No such file or directory: '/dev/ttyUSB0'
2026-08-19 14:53:48,594 [INFO] Serial connection lost:
2026-08-19 14:53:48,594 [INFO] [Errno 2] could not open port /dev/ttyUSB0: [Errno 2] No such file or directory: '/dev/ttyUSB0'
2026-08-19 14:53:50,096 [INFO] Serial connection lost:
2026-08-19 14:53:50,096 [INFO] [Errno 2] could not open port /dev/ttyUSB0: [Errno 2] No such file or directory: '/dev/ttyUSB0'
2026-08-19 14:53:51,597 [INFO] Serial connection lost:
2026-08-19 14:53:51,597 [INFO] [Errno 2] could not open port /dev/ttyUSB0: [Errno 2] No such file or directory: '/dev/ttyUSB0'
2026-08-19 14:53:53,098 [INFO] Serial connection lost:
2026-08-19 14:53:53,099 [INFO] [Errno 2] could not open port /dev/ttyUSB0: [Errno 2] No such file or directory: '/dev/ttyUSB0'
2026-08-19 14:53:54,600 [INFO] Serial connection lost:
2026-08-19 14:53:54,600 [INFO] [Errno 2] could not open port /dev/ttyUSB0: [Errno 2] No such file or directory: '/dev/ttyUSB0'
2026-08-19 14:53:56,101 [INFO] Serial connection lost:
2026-08-19 14:53:56,101 [INFO] [Errno 2] could not open port /dev/ttyUSB0: [Errno 2] No such file or directory: '/dev/ttyUSB0'
2026-08-19 14:53:57,603 [INFO] Serial connection lost:
2026-08-19 14:53:57,603 [INFO] [Errno 2] could not open port /dev/ttyUSB0: [Errno 2] No such file or directory: '/dev/ttyUSB0'
2026-08-19 14:53:59,104 [INFO] Serial connection lost:
2026-08-19 14:53:59,104 [INFO] [Errno 2] could not open port /dev/ttyUSB0: [Errno 2] No such file or directory: '/dev/ttyUSB0'
2026-08-19 14:54:00,605 [INFO] Serial connection lost:
2026-08-19 14:54:00,605 [INFO] [Errno 2] could not open port /dev/ttyUSB0: [Errno 2] No such file or directory: '/dev/ttyUSB0'
2026-08-19 14:54:02,107 [INFO] Serial connection lost:
2026-08-19 14:54:02,107 [INFO] [Errno 2] could not open port /dev/ttyUSB0: [Errno 2] No such file or directory: '/dev/ttyUSB0'
2026-08-19 14:54:03,608 [INFO] Serial connection lost:
2026-08-19 14:54:03,608 [INFO] [Errno 2] could not open port /dev/ttyUSB0: [Errno 2] No such file or directory: '/dev/ttyUSB0'
2026-08-19 14:54:04,528 [INFO] Watchdog: no response from serial port in 30s, forcing reconnect
2026-08-19 14:54:05,109 [INFO] Serial connection lost:
2026-08-19 14:54:05,109 [INFO] [Errno 2] could not open port /dev/ttyUSB0: [Errno 2] No such file or directory: '/dev/ttyUSB0'
2026-08-19 14:54:06,611 [INFO] Serial connection lost:
2026-08-19 14:54:06,611 [INFO] [Errno 2] could not open port /dev/ttyUSB0: [Errno 2] No such file or directory: '/dev/ttyUSB0'
2026-08-19 14:54:08,112 [INFO] Serial connection lost:
2026-08-19 14:54:08,112 [INFO] [Errno 2] could not open port /dev/ttyUSB0: [Errno 2] No such file or directory: '/dev/ttyUSB0'
2026-08-19 14:54:09,613 [INFO] Serial connection lost:
2026-08-19 14:54:09,613 [INFO] [Errno 2] could not open port /dev/ttyUSB0: [Errno 2] No such file or directory: '/dev/ttyUSB0'
2026-08-19 14:54:11,115 [INFO] Serial connection lost:
2026-08-19 14:54:11,115 [INFO] [Errno 2] could not open port /dev/ttyUSB0: [Errno 2] No such file or directory: '/dev/ttyUSB0'
2026-08-19 14:54:12,616 [INFO] Serial connection lost:
2026-08-19 14:54:12,616 [INFO] [Errno 2] could not open port /dev/ttyUSB0: [Errno 2] No such file or directory: '/dev/ttyUSB0'
2026-08-19 14:54:14,117 [INFO] Serial connection lost:
2026-08-19 14:54:14,118 [INFO] [Errno 2] could not open port /dev/ttyUSB0: [Errno 2] No such file or directory: '/dev/ttyUSB0'
2026-08-19 14:54:15,619 [INFO] Serial connection lost:
2026-08-19 14:54:15,619 [INFO] [Errno 2] could not open port /dev/ttyUSB0: [Errno 2] No such file or directory: '/dev/ttyUSB0'
2026-08-19 14:54:17,120 [INFO] Serial connection lost:
2026-08-19 14:54:17,120 [INFO] [Errno 2] could not open port /dev/ttyUSB0: [Errno 2] No such file or directory: '/dev/ttyUSB0'
2026-08-19 14:54:18,622 [INFO] Serial connection lost:
2026-08-19 14:54:18,622 [INFO] [Errno 2] could not open port /dev/ttyUSB0: [Errno 2] No such file or directory: '/dev/ttyUSB0'
2026-08-19 14:54:20,123 [INFO] Serial connection lost:
2026-08-19 14:54:20,123 [INFO] [Errno 2] could not open port /dev/ttyUSB0: [Errno 2] No such file or directory: '/dev/ttyUSB0'
2026-08-19 14:54:21,624 [INFO] Serial connection lost:
2026-08-19 14:54:21,624 [INFO] [Errno 2] could not open port /dev/ttyUSB0: [Errno 2] No such file or directory: '/dev/ttyUSB0'
2026-08-19 14:54:23,126 [INFO] Serial connection lost:
2026-08-19 14:54:23,126 [INFO] [Errno 2] could not open port /dev/ttyUSB0: [Errno 2] No such file or directory: '/dev/ttyUSB0'
2026-08-19 14:54:24,627 [INFO] Serial connection lost:
2026-08-19 14:54:24,627 [INFO] [Errno 2] could not open port /dev/ttyUSB0: [Errno 2] No such file or directory: '/dev/ttyUSB0'
2026-08-19 14:54:26,128 [INFO] Serial connection lost:
2026-08-19 14:54:26,129 [INFO] [Errno 2] could not open port /dev/ttyUSB0: [Errno 2] No such file or directory: '/dev/ttyUSB0'
2026-08-19 14:54:27,630 [INFO] Serial connection lost:
2026-08-19 14:54:27,630 [INFO] [Errno 2] could not open port /dev/ttyUSB0: [Errno 2] No such file or directory: '/dev/ttyUSB0'
2026-08-19 14:54:29,131 [INFO] Serial connection lost:
2026-08-19 14:54:29,131 [INFO] [Errno 2] could not open port /dev/ttyUSB0: [Errno 2] No such file or directory: '/dev/ttyUSB0'
2026-08-19 14:54:30,632 [INFO] Serial connection lost:
2026-08-19 14:54:30,632 [INFO] [Errno 2] could not open port /dev/ttyUSB0: [Errno 2] No such file or directory: '/dev/ttyUSB0'
2026-08-19 14:54:32,134 [INFO] Serial connection lost:
2026-08-19 14:54:32,134 [INFO] [Errno 2] could not open port /dev/ttyUSB0: [Errno 2] No such file or directory: '/dev/ttyUSB0'
2026-08-19 14:54:33,635 [INFO] Serial connection lost:
2026-08-19 14:54:33,635 [INFO] [Errno 2] could not open port /dev/ttyUSB0: [Errno 2] No such file or directory: '/dev/ttyUSB0'
2026-08-19 14:54:35,137 [INFO] Serial connection lost:
2026-08-19 14:54:35,137 [INFO] [Errno 2] could not open port /dev/ttyUSB0: [Errno 2] No such file or directory: '/dev/ttyUSB0'
2026-08-19 14:54:35,525 [INFO] Watchdog: no response from serial port in 30s, forcing reconnect
2026-08-19 14:54:36,638 [INFO] Serial connection lost:
2026-08-19 14:54:36,638 [INFO] [Errno 2] could not open port /dev/ttyUSB0: [Errno 2] No such file or directory: '/dev/ttyUSB0'
2026-08-19 14:54:38,139 [INFO] Serial connection lost:
2026-08-19 14:54:38,139 [INFO] [Errno 2] could not open port /dev/ttyUSB0: [Errno 2] No such file or directory: '/dev/ttyUSB0'
2026-08-19 14:54:39,641 [INFO] Serial connection lost:
2026-08-19 14:54:39,641 [INFO] [Errno 2] could not open port /dev/ttyUSB0: [Errno 2] No such file or directory: '/dev/ttyUSB0'
2026-08-19 14:54:41,142 [INFO] Serial connection lost:
2026-08-19 14:54:41,142 [INFO] [Errno 2] could not open port /dev/ttyUSB0: [Errno 2] No such file or directory: '/dev/ttyUSB0'
2026-08-19 14:54:42,643 [INFO] Serial connection lost:
2026-08-19 14:54:42,643 [INFO] [Errno 2] could not open port /dev/ttyUSB0: [Errno 2] No such file or directory: '/dev/ttyUSB0'
2026-08-19 14:54:44,145 [INFO] Serial connection lost:
2026-08-19 14:54:44,145 [INFO] [Errno 2] could not open port /dev/ttyUSB0: [Errno 2] No such file or directory: '/dev/ttyUSB0'
2026-08-19 14:54:45,646 [INFO] Serial connection lost:
2026-08-19 14:54:45,646 [INFO] [Errno 2] could not open port /dev/ttyUSB0: [Errno 2] No such file or directory: '/dev/ttyUSB0'
2026-08-19 14:54:47,147 [INFO] Serial connection lost:
2026-08-19 14:54:47,148 [INFO] [Errno 2] could not open port /dev/ttyUSB0: [Errno 2] No such file or directory: '/dev/ttyUSB0'
2026-08-19 14:54:48,649 [INFO] Serial connection lost:
2026-08-19 14:54:48,649 [INFO] [Errno 2] could not open port /dev/ttyUSB0: [Errno 2] No such file or directory: '/dev/ttyUSB0'
2026-08-19 14:54:50,150 [INFO] Serial connection lost:
2026-08-19 14:54:50,150 [INFO] [Errno 2] could not open port /dev/ttyUSB0: [Errno 2] No such file or directory: '/dev/ttyUSB0'
2026-08-19 14:54:51,651 [INFO] Serial connection lost:
2026-08-19 14:54:51,652 [INFO] [Errno 2] could not open port /dev/ttyUSB0: [Errno 2] No such file or directory: '/dev/ttyUSB0'
2026-08-19 14:54:53,153 [INFO] Serial connection lost:
2026-08-19 14:54:53,153 [INFO] [Errno 2] could not open port /dev/ttyUSB0: [Errno 2] No such file or directory: '/dev/ttyUSB0'
2026-08-19 14:54:54,654 [INFO] Serial connection lost:
2026-08-19 14:54:54,654 [INFO] [Errno 2] could not open port /dev/ttyUSB0: [Errno 2] No such file or directory: '/dev/ttyUSB0'
2026-08-19 14:54:56,156 [INFO] Serial connection lost:
2026-08-19 14:54:56,156 [INFO] [Errno 2] could not open port /dev/ttyUSB0: [Errno 2] No such file or directory: '/dev/ttyUSB0'
2026-08-19 14:54:57,657 [INFO] Serial connection lost:
2026-08-19 14:54:57,657 [INFO] [Errno 2] could not open port /dev/ttyUSB0: [Errno 2] No such file or directory: '/dev/ttyUSB0'
2026-08-19 14:54:59,158 [INFO] Serial connection lost:
2026-08-19 14:54:59,158 [INFO] [Errno 2] could not open port /dev/ttyUSB0: [Errno 2] No such file or directory: '/dev/ttyUSB0'
2026-08-19 14:55:00,660 [INFO] Serial connection lost:
2026-08-19 14:55:00,660 [INFO] [Errno 2] could not open port /dev/ttyUSB0: [Errno 2] No such file or directory: '/dev/ttyUSB0'
2026-08-19 14:55:02,161 [INFO] Serial connection lost:
2026-08-19 14:55:02,161 [INFO] [Errno 2] could not open port /dev/ttyUSB0: [Errno 2] No such file or directory: '/dev/ttyUSB0'
2026-08-19 14:55:03,662 [INFO] Serial connection lost:
2026-08-19 14:55:03,662 [INFO] [Errno 2] could not open port /dev/ttyUSB0: [Errno 2] No such file or directory: '/dev/ttyUSB0'
2026-08-19 14:55:05,164 [INFO] Serial connection lost:
2026-08-19 14:55:05,164 [INFO] [Errno 2] could not open port /dev/ttyUSB0: [Errno 2] No such file or directory: '/dev/ttyUSB0'
2026-08-19 14:55:06,528 [INFO] Watchdog: no response from serial port in 30s, forcing reconnect
2026-08-19 14:55:06,665 [INFO] Serial connection lost:
2026-08-19 14:55:06,665 [INFO] [Errno 2] could not open port /dev/ttyUSB0: [Errno 2] No such file or directory: '/dev/ttyUSB0'
2026-08-19 14:55:08,167 [INFO] Serial connection lost:
2026-08-19 14:55:08,167 [INFO] [Errno 2] could not open port /dev/ttyUSB0: [Errno 2] No such file or directory: '/dev/ttyUSB0'
2026-08-19 14:55:09,668 [INFO] Serial connection lost:
2026-08-19 14:55:09,668 [INFO] [Errno 2] could not open port /dev/ttyUSB0: [Errno 2] No such file or directory: '/dev/ttyUSB0'
2026-08-19 14:55:11,169 [INFO] Serial connection lost:
2026-08-19 14:55:11,169 [INFO] [Errno 2] could not open port /dev/ttyUSB0: [Errno 2] No such file or directory: '/dev/ttyUSB0'
2026-08-19 14:55:12,671 [INFO] Serial connection lost:
2026-08-19 14:55:12,671 [INFO] [Errno 2] could not open port /dev/ttyUSB0: [Errno 2] No such file or directory: '/dev/ttyUSB0'
2026-08-19 14:55:14,172 [INFO] Serial connection lost:
2026-08-19 14:55:14,172 [INFO] [Errno 2] could not open port /dev/ttyUSB0: [Errno 2] No such file or directory: '/dev/ttyUSB0'
2026-08-19 14:55:15,673 [INFO] Serial connection lost:
2026-08-19 14:55:15,673 [INFO] [Errno 2] could not open port /dev/ttyUSB0: [Errno 2] No such file or directory: '/dev/ttyUSB0'
2026-08-19 14:55:17,175 [INFO] Serial connection lost:
2026-08-19 14:55:17,175 [INFO] [Errno 2] could not open port /dev/ttyUSB0: [Errno 2] No such file or directory: '/dev/ttyUSB0'
2026-08-19 14:55:18,676 [INFO] Serial connection lost:
2026-08-19 14:55:18,676 [INFO] [Errno 2] could not open port /dev/ttyUSB0: [Errno 2] No such file or directory: '/dev/ttyUSB0'
2026-08-19 14:55:20,177 [INFO] Serial connection lost:
2026-08-19 14:55:20,178 [INFO] [Errno 2] could not open port /dev/ttyUSB0: [Errno 2] No such file or directory: '/dev/ttyUSB0'
2026-08-19 14:55:21,679 [INFO] Serial connection lost:
2026-08-19 14:55:21,679 [INFO] [Errno 2] could not open port /dev/ttyUSB0: [Errno 2] No such file or directory: '/dev/ttyUSB0'
2026-08-19 14:55:23,180 [INFO] Serial connection lost:
2026-08-19 14:55:23,180 [INFO] [Errno 2] could not open port /dev/ttyUSB0: [Errno 2] No such file or directory: '/dev/ttyUSB0'
2026-08-19 14:55:24,681 [INFO] Serial connection lost:
2026-08-19 14:55:24,681 [INFO] [Errno 2] could not open port /dev/ttyUSB0: [Errno 2] No such file or directory: '/dev/ttyUSB0'
2026-08-19 14:55:26,183 [INFO] Serial connection lost:
2026-08-19 14:55:26,183 [INFO] [Errno 2] could not open port /dev/ttyUSB0: [Errno 2] No such file or directory: '/dev/ttyUSB0'
2026-08-19 14:55:27,684 [INFO] Serial connection lost:
2026-08-19 14:55:27,684 [INFO] [Errno 2] could not open port /dev/ttyUSB0: [Errno 2] No such file or directory: '/dev/ttyUSB0'
2026-08-19 14:55:29,185 [INFO] Serial connection lost:
2026-08-19 14:55:29,186 [INFO] [Errno 2] could not open port /dev/ttyUSB0: [Errno 2] No such file or directory: '/dev/ttyUSB0'
2026-08-19 14:55:30,687 [INFO] Serial connection lost:
2026-08-19 14:55:30,687 [INFO] [Errno 2] could not open port /dev/ttyUSB0: [Errno 2] No such file or directory: '/dev/ttyUSB0'
2026-08-19 14:55:32,188 [INFO] Serial connection lost:
2026-08-19 14:55:32,188 [INFO] [Errno 2] could not open port /dev/ttyUSB0: [Errno 2] No such file or directory: '/dev/ttyUSB0'
2026-08-19 14:55:33,690 [INFO] Serial connection lost:
2026-08-19 14:55:33,690 [INFO] [Errno 2] could not open port /dev/ttyUSB0: [Errno 2] No such file or directory: '/dev/ttyUSB0'
2026-08-19 14:55:35,191 [INFO] Serial connection lost:
2026-08-19 14:55:35,191 [INFO] [Errno 2] could not open port /dev/ttyUSB0: [Errno 2] No such file or directory: '/dev/ttyUSB0'
2026-08-19 14:55:36,692 [INFO] Serial connection lost:
2026-08-19 14:55:36,692 [INFO] [Errno 2] could not open port /dev/ttyUSB0: [Errno 2] No such file or directory: '/dev/ttyUSB0'
2026-08-19 14:55:37,528 [INFO] Watchdog: no response from serial port in 30s, forcing reconnect
2026-08-19 14:55:38,194 [INFO] Serial connection lost:
2026-08-19 14:55:38,194 [INFO] [Errno 2] could not open port /dev/ttyUSB0: [Errno 2] No such file or directory: '/dev/ttyUSB0'
2026-08-19 14:55:39,695 [INFO] Serial connection lost:
2026-08-19 14:55:39,695 [INFO] [Errno 2] could not open port /dev/ttyUSB0: [Errno 2] No such file or directory: '/dev/ttyUSB0'
2026-08-19 14:55:41,196 [INFO] Serial connection lost:
2026-08-19 14:55:41,196 [INFO] [Errno 2] could not open port /dev/ttyUSB0: [Errno 2] No such file or directory: '/dev/ttyUSB0'
2026-08-19 14:55:42,698 [INFO] Serial connection lost:
2026-08-19 14:55:42,698 [INFO] [Errno 2] could not open port /dev/ttyUSB0: [Errno 2] No such file or directory: '/dev/ttyUSB0'
2026-08-19 14:55:44,199 [INFO] Serial connection lost:
2026-08-19 14:55:44,199 [INFO] [Errno 2] could not open port /dev/ttyUSB0: [Errno 2] No such file or directory: '/dev/ttyUSB0'
2026-08-19 14:55:45,700 [INFO] Serial connection lost:
2026-08-19 14:55:45,700 [INFO] [Errno 2] could not open port /dev/ttyUSB0: [Errno 2] No such file or directory: '/dev/ttyUSB0'
2026-08-19 14:55:47,202 [INFO] Serial connection lost:
2026-08-19 14:55:47,202 [INFO] [Errno 2] could not open port /dev/ttyUSB0: [Errno 2] No such file or directory: '/dev/ttyUSB0'
2026-08-19 14:55:48,703 [INFO] Serial connection lost:
2026-08-19 14:55:48,703 [INFO] [Errno 2] could not open port /dev/ttyUSB0: [Errno 2] No such file or directory: '/dev/ttyUSB0'
2026-08-19 14:55:50,204 [INFO] Serial connection lost:
2026-08-19 14:55:50,205 [INFO] [Errno 2] could not open port /dev/ttyUSB0: [Errno 2] No such file or directory: '/dev/ttyUSB0'
2026-08-19 14:55:51,706 [INFO] Serial connection lost:
2026-08-19 14:55:51,706 [INFO] [Errno 2] could not open port /dev/ttyUSB0: [Errno 2] No such file or directory: '/dev/ttyUSB0'
2026-08-19 14:55:53,207 [INFO] Serial connection lost:
2026-08-19 14:55:53,207 [INFO] [Errno 2] could not open port /dev/ttyUSB0: [Errno 2] No such file or directory: '/dev/ttyUSB0'
2026-08-19 14:55:54,708 [INFO] Serial connection lost:
2026-08-19 14:55:54,709 [INFO] [Errno 2] could not open port /dev/ttyUSB0: [Errno 2] No such file or directory: '/dev/ttyUSB0'
2026-08-19 14:55:56,210 [INFO] Serial connection lost:
2026-08-19 14:55:56,210 [INFO] [Errno 2] could not open port /dev/ttyUSB0: [Errno 2] No such file or directory: '/dev/ttyUSB0'
2026-08-19 14:55:57,711 [INFO] Serial connection lost:
2026-08-19 14:55:57,711 [INFO] [Errno 2] could not open port /dev/ttyUSB0: [Errno 2] No such file or directory: '/dev/ttyUSB0'
2026-08-19 14:55:59,213 [INFO] Serial connection lost:
2026-08-19 14:55:59,213 [INFO] [Errno 2] could not open port /dev/ttyUSB0: [Errno 2] No such file or directory: '/dev/ttyUSB0'
2026-08-19 14:56:00,714 [INFO] Serial connection lost:
2026-08-19 14:56:00,714 [INFO] [Errno 2] could not open port /dev/ttyUSB0: [Errno 2] No such file or directory: '/dev/ttyUSB0'
2026-08-19 14:56:02,215 [INFO] Serial connection lost:
2026-08-19 14:56:02,215 [INFO] [Errno 2] could not open port /dev/ttyUSB0: [Errno 2] No such file or directory: '/dev/ttyUSB0'
2026-08-19 14:56:03,717 [INFO] Serial connection lost:
2026-08-19 14:56:03,717 [INFO] [Errno 2] could not open port /dev/ttyUSB0: [Errno 2] No such file or directory: '/dev/ttyUSB0'
2026-08-19 14:56:05,218 [INFO] Serial connection lost:
2026-08-19 14:56:05,218 [INFO] [Errno 2] could not open port /dev/ttyUSB0: [Errno 2] No such file or directory: '/dev/ttyUSB0'
2026-08-19 14:56:06,719 [INFO] Serial connection lost:
2026-08-19 14:56:06,719 [INFO] [Errno 2] could not open port /dev/ttyUSB0: [Errno 2] No such file or directory: '/dev/ttyUSB0'
2026-08-19 14:56:08,221 [INFO] Serial connection lost:
2026-08-19 14:56:08,221 [INFO] [Errno 2] could not open port /dev/ttyUSB0: [Errno 2] No such file or directory: '/dev/ttyUSB0'
2026-08-19 14:56:08,525 [INFO] Watchdog: no response from serial port in 30s, forcing reconnect
2026-08-19 14:56:09,722 [INFO] Serial connection lost:
2026-08-19 14:56:09,722 [INFO] [Errno 2] could not open port /dev/ttyUSB0: [Errno 2] No such file or directory: '/dev/ttyUSB0'
2026-08-19 14:56:11,224 [INFO] Serial connection lost:
2026-08-19 14:56:11,224 [INFO] [Errno 2] could not open port /dev/ttyUSB0: [Errno 2] No such file or directory: '/dev/ttyUSB0'
2026-08-19 14:56:12,725 [INFO] Serial connection lost:
2026-08-19 14:56:12,725 [INFO] [Errno 2] could not open port /dev/ttyUSB0: [Errno 2] No such file or directory: '/dev/ttyUSB0'
2026-08-19 14:56:14,226 [INFO] Serial connection lost:
2026-08-19 14:56:14,226 [INFO] [Errno 2] could not open port /dev/ttyUSB0: [Errno 2] No such file or directory: '/dev/ttyUSB0'
2026-08-19 14:56:15,728 [INFO] Serial connection lost:
2026-08-19 14:56:15,728 [INFO] [Errno 2] could not open port /dev/ttyUSB0: [Errno 2] No such file or directory: '/dev/ttyUSB0'
2026-08-19 14:56:17,229 [INFO] Serial connection lost:
2026-08-19 14:56:17,229 [INFO] [Errno 2] could not open port /dev/ttyUSB0: [Errno 2] No such file or directory: '/dev/ttyUSB0'
2026-08-19 14:56:18,730 [INFO] Serial connection lost:
2026-08-19 14:56:18,730 [INFO] [Errno 2] could not open port /dev/ttyUSB0: [Errno 2] No such file or directory: '/dev/ttyUSB0'
2026-08-19 14:56:20,232 [INFO] Serial connection lost:
2026-08-19 14:56:20,232 [INFO] [Errno 2] could not open port /dev/ttyUSB0: [Errno 2] No such file or directory: '/dev/ttyUSB0'
2026-08-19 14:56:21,733 [INFO] Serial connection lost:
2026-08-19 14:56:21,733 [INFO] [Errno 2] could not open port /dev/ttyUSB0: [Errno 2] No such file or directory: '/dev/ttyUSB0'
2026-08-19 14:56:23,234 [INFO] Serial connection lost:
2026-08-19 14:56:23,235 [INFO] [Errno 2] could not open port /dev/ttyUSB0: [Errno 2] No such file or directory: '/dev/ttyUSB0'
2026-08-19 14:56:24,736 [INFO] Serial connection lost:
2026-08-19 14:56:24,736 [INFO] [Errno 2] could not open port /dev/ttyUSB0: [Errno 2] No such file or directory: '/dev/ttyUSB0'
2026-08-19 14:56:26,237 [INFO] Serial connection lost:
2026-08-19 14:56:26,237 [INFO] [Errno 2] could not open port /dev/ttyUSB0: [Errno 2] No such file or directory: '/dev/ttyUSB0'
2026-08-19 14:56:27,739 [INFO] Serial connection lost:
2026-08-19 14:56:27,739 [INFO] [Errno 2] could not open port /dev/ttyUSB0: [Errno 2] No such file or directory: '/dev/ttyUSB0'
2026-08-19 14:56:29,240 [INFO] Serial connection lost:
2026-08-19 14:56:29,240 [INFO] [Errno 2] could not open port /dev/ttyUSB0: [Errno 2] No such file or directory: '/dev/ttyUSB0'
2026-08-19 14:56:30,741 [INFO] Serial connection lost:
2026-08-19 14:56:30,741 [INFO] [Errno 2] could not open port /dev/ttyUSB0: [Errno 2] No such file or directory: '/dev/ttyUSB0'
2026-08-19 14:56:32,243 [INFO] Serial connection lost:
2026-08-19 14:56:32,243 [INFO] [Errno 2] could not open port /dev/ttyUSB0: [Errno 2] No such file or directory: '/dev/ttyUSB0'
2026-08-19 14:56:33,744 [INFO] Serial connection lost:
2026-08-19 14:56:33,744 [INFO] [Errno 2] could not open port /dev/ttyUSB0: [Errno 2] No such file or directory: '/dev/ttyUSB0'
2026-08-19 14:56:35,246 [INFO] Serial connection lost:
2026-08-19 14:56:35,246 [INFO] [Errno 2] could not open port /dev/ttyUSB0: [Errno 2] No such file or directory: '/dev/ttyUSB0'
2026-08-19 14:56:36,747 [INFO] Serial connection lost:
2026-08-19 14:56:36,747 [INFO] [Errno 2] could not open port /dev/ttyUSB0: [Errno 2] No such file or directory: '/dev/ttyUSB0'
2026-08-19 14:56:38,248 [INFO] Serial connection lost:
2026-08-19 14:56:38,248 [INFO] [Errno 2] could not open port /dev/ttyUSB0: [Errno 2] No such file or directory: '/dev/ttyUSB0'
2026-08-19 14:56:38,525 [INFO] Watchdog: no response from serial port in 30s, forcing reconnect
2026-08-19 14:56:39,750 [INFO] Serial connection lost:
2026-08-19 14:56:39,750 [INFO] [Errno 2] could not open port /dev/ttyUSB0: [Errno 2] No such file or directory: '/dev/ttyUSB0'
2026-08-19 14:56:41,251 [INFO] Serial connection lost:
2026-08-19 14:56:41,251 [INFO] [Errno 2] could not open port /dev/ttyUSB0: [Errno 2] No such file or directory: '/dev/ttyUSB0'
2026-08-19 14:56:42,752 [INFO] Serial connection lost:
2026-08-19 14:56:42,753 [INFO] [Errno 2] could not open port /dev/ttyUSB0: [Errno 2] No such file or directory: '/dev/ttyUSB0'
2026-08-19 14:56:44,254 [INFO] Serial connection lost:
2026-08-19 14:56:44,254 [INFO] [Errno 2] could not open port /dev/ttyUSB0: [Errno 2] No such file or directory: '/dev/ttyUSB0'
2026-08-19 14:56:45,755 [INFO] Serial connection lost:
2026-08-19 14:56:45,755 [INFO] [Errno 2] could not open port /dev/ttyUSB0: [Errno 2] No such file or directory: '/dev/ttyUSB0'
2026-08-19 14:56:47,257 [INFO] Serial connection lost:
2026-08-19 14:56:47,257 [INFO] [Errno 2] could not open port /dev/ttyUSB0: [Errno 2] No such file or directory: '/dev/ttyUSB0'
2026-08-19 14:56:48,758 [INFO] Serial connection lost:
2026-08-19 14:56:48,758 [INFO] [Errno 2] could not open port /dev/ttyUSB0: [Errno 2] No such file or directory: '/dev/ttyUSB0'
2026-08-19 14:56:50,259 [INFO] Serial connection lost:
2026-08-19 14:56:50,260 [INFO] [Errno 2] could not open port /dev/ttyUSB0: [Errno 2] No such file or directory: '/dev/ttyUSB0'
2026-08-19 14:56:51,761 [INFO] Serial connection lost:
2026-08-19 14:56:51,761 [INFO] [Errno 2] could not open port /dev/ttyUSB0: [Errno 2] No such file or directory: '/dev/ttyUSB0'
2026-08-19 14:56:53,262 [INFO] Serial connection lost:
2026-08-19 14:56:53,262 [INFO] [Errno 2] could not open port /dev/ttyUSB0: [Errno 2] No such file or directory: '/dev/ttyUSB0'
2026-08-19 14:56:54,764 [INFO] Serial connection lost:
2026-08-19 14:56:54,764 [INFO] [Errno 2] could not open port /dev/ttyUSB0: [Errno 2] No such file or directory: '/dev/ttyUSB0'
2026-08-19 14:56:56,265 [INFO] Serial connection lost:
2026-08-19 14:56:56,265 [INFO] [Errno 2] could not open port /dev/ttyUSB0: [Errno 2] No such file or directory: '/dev/ttyUSB0'
2026-08-19 14:56:57,766 [INFO] Serial connection lost:
2026-08-19 14:56:57,766 [INFO] [Errno 2] could not open port /dev/ttyUSB0: [Errno 2] No such file or directory: '/dev/ttyUSB0'
2026-08-19 14:56:59,268 [INFO] Serial connection lost:
2026-08-19 14:56:59,268 [INFO] [Errno 2] could not open port /dev/ttyUSB0: [Errno 2] No such file or directory: '/dev/ttyUSB0'
2026-08-19 14:57:00,769 [INFO] Serial connection lost:
2026-08-19 14:57:00,769 [INFO] [Errno 2] could not open port /dev/ttyUSB0: [Errno 2] No such file or directory: '/dev/ttyUSB0'
2026-08-19 14:57:02,270 [INFO] Serial connection lost:
2026-08-19 14:57:02,271 [INFO] [Errno 2] could not open port /dev/ttyUSB0: [Errno 2] No such file or directory: '/dev/ttyUSB0'
2026-08-19 14:57:03,772 [INFO] Serial connection lost:
2026-08-19 14:57:03,772 [INFO] [Errno 2] could not open port /dev/ttyUSB0: [Errno 2] No such file or directory: '/dev/ttyUSB0'
2026-08-19 14:57:05,273 [INFO] Serial connection lost:
2026-08-19 14:57:05,273 [INFO] [Errno 2] could not open port /dev/ttyUSB0: [Errno 2] No such file or directory: '/dev/ttyUSB0'
2026-08-19 14:57:06,774 [INFO] Serial connection lost:
2026-08-19 14:57:06,775 [INFO] [Errno 2] could not open port /dev/ttyUSB0: [Errno 2] No such file or directory: '/dev/ttyUSB0'
2026-08-19 14:57:08,276 [INFO] Serial connection lost:
2026-08-19 14:57:08,276 [INFO] [Errno 2] could not open port /dev/ttyUSB0: [Errno 2] No such file or directory: '/dev/ttyUSB0'
2026-08-19 14:57:09,529 [INFO] Watchdog: no response from serial port in 30s, forcing reconnect
2026-08-19 14:57:09,777 [INFO] Serial connection lost:
2026-08-19 14:57:09,777 [INFO] [Errno 2] could not open port /dev/ttyUSB0: [Errno 2] No such file or directory: '/dev/ttyUSB0'
2026-08-19 14:57:11,278 [INFO] Serial connection lost:
2026-08-19 14:57:11,278 [INFO] [Errno 2] could not open port /dev/ttyUSB0: [Errno 2] No such file or directory: '/dev/ttyUSB0'
2026-08-19 14:57:12,780 [INFO] Serial connection lost:
2026-08-19 14:57:12,780 [INFO] [Errno 2] could not open port /dev/ttyUSB0: [Errno 2] No such file or directory: '/dev/ttyUSB0'
2026-08-19 14:57:14,281 [INFO] Serial connection lost:
2026-08-19 14:57:14,281 [INFO] [Errno 2] could not open port /dev/ttyUSB0: [Errno 2] No such file or directory: '/dev/ttyUSB0'
2026-08-19 14:57:15,782 [INFO] Serial connection lost:
2026-08-19 14:57:15,783 [INFO] [Errno 2] could not open port /dev/ttyUSB0: [Errno 2] No such file or directory: '/dev/ttyUSB0'
2026-08-19 14:57:17,284 [INFO] Serial connection lost:
2026-08-19 14:57:17,284 [INFO] [Errno 2] could not open port /dev/ttyUSB0: [Errno 2] No such file or directory: '/dev/ttyUSB0'
2026-08-19 14:57:18,785 [INFO] Serial connection lost:
2026-08-19 14:57:18,785 [INFO] [Errno 2] could not open port /dev/ttyUSB0: [Errno 2] No such file or directory: '/dev/ttyUSB0'
2026-08-19 14:57:20,286 [INFO] Serial connection lost:
2026-08-19 14:57:20,287 [INFO] [Errno 2] could not open port /dev/ttyUSB0: [Errno 2] No such file or directory: '/dev/ttyUSB0'
2026-08-19 14:57:21,788 [INFO] Serial connection lost:
2026-08-19 14:57:21,788 [INFO] [Errno 2] could not open port /dev/ttyUSB0: [Errno 2] No such file or directory: '/dev/ttyUSB0'
2026-08-19 14:57:23,289 [INFO] Serial connection lost:
2026-08-19 14:57:23,289 [INFO] [Errno 2] could not open port /dev/ttyUSB0: [Errno 2] No such file or directory: '/dev/ttyUSB0'
2026-08-19 14:57:24,791 [INFO] Serial connection lost:
2026-08-19 14:57:24,791 [INFO] [Errno 2] could not open port /dev/ttyUSB0: [Errno 2] No such file or directory: '/dev/ttyUSB0'
2026-08-19 14:57:26,292 [INFO] Serial connection lost:
2026-08-19 14:57:26,292 [INFO] [Errno 2] could not open port /dev/ttyUSB0: [Errno 2] No such file or directory: '/dev/ttyUSB0'
2026-08-19 14:57:27,793 [INFO] Serial connection lost:
2026-08-19 14:57:27,793 [INFO] [Errno 2] could not open port /dev/ttyUSB0: [Errno 2] No such file or directory: '/dev/ttyUSB0'
2026-08-19 14:57:29,295 [INFO] Serial connection lost:
2026-08-19 14:57:29,295 [INFO] [Errno 2] could not open port /dev/ttyUSB0: [Errno 2] No such file or directory: '/dev/ttyUSB0'
2026-08-19 14:57:30,796 [INFO] Serial connection lost:
2026-08-19 14:57:30,796 [INFO] [Errno 2] could not open port /dev/ttyUSB0: [Errno 2] No such file or directory: '/dev/ttyUSB0'
2026-08-19 14:57:32,297 [INFO] Serial connection lost:
2026-08-19 14:57:32,297 [INFO] [Errno 2] could not open port /dev/ttyUSB0: [Errno 2] No such file or directory: '/dev/ttyUSB0'
2026-08-19 14:57:33,799 [INFO] Serial connection lost:
2026-08-19 14:57:33,799 [INFO] [Errno 2] could not open port /dev/ttyUSB0: [Errno 2] No such file or directory: '/dev/ttyUSB0'
2026-08-19 14:57:35,300 [INFO] Serial connection lost:
2026-08-19 14:57:35,300 [INFO] [Errno 2] could not open port /dev/ttyUSB0: [Errno 2] No such file or directory: '/dev/ttyUSB0'
2026-08-19 14:57:36,801 [INFO] Serial connection lost:
2026-08-19 14:57:36,802 [INFO] [Errno 2] could not open port /dev/ttyUSB0: [Errno 2] No such file or directory: '/dev/ttyUSB0'
2026-08-19 14:57:38,303 [INFO] Serial connection lost:
2026-08-19 14:57:38,303 [INFO] [Errno 2] could not open port /dev/ttyUSB0: [Errno 2] No such file or directory: '/dev/ttyUSB0'
2026-08-19 14:57:39,804 [INFO] Serial connection lost:
2026-08-19 14:57:39,804 [INFO] [Errno 2] could not open port /dev/ttyUSB0: [Errno 2] No such file or directory: '/dev/ttyUSB0'
2026-08-19 14:57:40,527 [INFO] Watchdog: no response from serial port in 30s, forcing reconnect
2026-08-19 14:57:41,305 [INFO] Serial connection lost:
2026-08-19 14:57:41,306 [INFO] [Errno 2] could not open port /dev/ttyUSB0: [Errno 2] No such file or directory: '/dev/ttyUSB0'
2026-08-19 14:57:42,807 [INFO] Serial connection lost:
2026-08-19 14:57:42,807 [INFO] [Errno 2] could not open port /dev/ttyUSB0: [Errno 2] No such file or directory: '/dev/ttyUSB0'
2026-08-19 14:57:44,308 [INFO] Serial connection lost:
2026-08-19 14:57:44,308 [INFO] [Errno 2] could not open port /dev/ttyUSB0: [Errno 2] No such file or directory: '/dev/ttyUSB0'
2026-08-19 14:57:45,810 [INFO] Serial connection lost:
2026-08-19 14:57:45,810 [INFO] [Errno 2] could not open port /dev/ttyUSB0: [Errno 2] No such file or directory: '/dev/ttyUSB0'
2026-08-19 14:57:47,311 [INFO] Serial connection lost:
2026-08-19 14:57:47,311 [INFO] [Errno 2] could not open port /dev/ttyUSB0: [Errno 2] No such file or directory: '/dev/ttyUSB0'
2026-08-19 14:57:48,812 [INFO] Serial connection lost:
2026-08-19 14:57:48,812 [INFO] [Errno 2] could not open port /dev/ttyUSB0: [Errno 2] No such file or directory: '/dev/ttyUSB0'
2026-08-19 14:57:50,314 [INFO] Serial connection lost:
2026-08-19 14:57:50,314 [INFO] [Errno 2] could not open port /dev/ttyUSB0: [Errno 2] No such file or directory: '/dev/ttyUSB0'
2026-08-19 14:57:51,815 [INFO] Serial connection lost:
2026-08-19 14:57:51,815 [INFO] [Errno 2] could not open port /dev/ttyUSB0: [Errno 2] No such file or directory: '/dev/ttyUSB0'
2026-08-19 14:57:53,316 [INFO] Serial connection lost:
2026-08-19 14:57:53,317 [INFO] [Errno 2] could not open port /dev/ttyUSB0: [Errno 2] No such file or directory: '/dev/ttyUSB0'
2026-08-19 14:57:54,818 [INFO] Serial connection lost:
2026-08-19 14:57:54,818 [INFO] [Errno 2] could not open port /dev/ttyUSB0: [Errno 2] No such file or directory: '/dev/ttyUSB0'
2026-08-19 14:57:56,319 [INFO] Serial connection lost:
2026-08-19 14:57:56,319 [INFO] [Errno 2] could not open port /dev/ttyUSB0: [Errno 2] No such file or directory: '/dev/ttyUSB0'
2026-08-19 14:57:57,821 [INFO] Serial connection lost:
2026-08-19 14:57:57,821 [INFO] [Errno 2] could not open port /dev/ttyUSB0: [Errno 2] No such file or directory: '/dev/ttyUSB0'
2026-08-19 14:57:59,322 [INFO] Serial connection lost:
2026-08-19 14:57:59,322 [INFO] [Errno 2] could not open port /dev/ttyUSB0: [Errno 2] No such file or directory: '/dev/ttyUSB0'
2026-08-19 14:58:00,823 [INFO] Serial connection lost:
2026-08-19 14:58:00,823 [INFO] [Errno 2] could not open port /dev/ttyUSB0: [Errno 2] No such file or directory: '/dev/ttyUSB0'
2026-08-19 14:58:02,325 [INFO] Serial connection lost:
2026-08-19 14:58:02,325 [INFO] [Errno 2] could not open port /dev/ttyUSB0: [Errno 2] No such file or directory: '/dev/ttyUSB0'
2026-08-19 14:58:03,826 [INFO] Serial connection lost:
2026-08-19 14:58:03,826 [INFO] [Errno 2] could not open port /dev/ttyUSB0: [Errno 2] No such file or directory: '/dev/ttyUSB0'
2026-08-19 14:58:05,327 [INFO] Serial connection lost:
2026-08-19 14:58:05,327 [INFO] [Errno 2] could not open port /dev/ttyUSB0: [Errno 2] No such file or directory: '/dev/ttyUSB0'
2026-08-19 14:58:06,829 [INFO] Serial connection lost:
2026-08-19 14:58:06,829 [INFO] [Errno 2] could not open port /dev/ttyUSB0: [Errno 2] No such file or directory: '/dev/ttyUSB0'
2026-08-19 14:58:08,330 [INFO] Serial connection lost:
2026-08-19 14:58:08,330 [INFO] [Errno 2] could not open port /dev/ttyUSB0: [Errno 2] No such file or directory: '/dev/ttyUSB0'
2026-08-19 14:58:09,832 [INFO] Serial connection lost:
2026-08-19 14:58:09,832 [INFO] [Errno 2] could not open port /dev/ttyUSB0: [Errno 2] No such file or directory: '/dev/ttyUSB0'
2026-08-19 14:58:11,333 [INFO] Serial connection lost:
2026-08-19 14:58:11,333 [INFO] [Errno 2] could not open port /dev/ttyUSB0: [Errno 2] No such file or directory: '/dev/ttyUSB0'
2026-08-19 14:58:11,524 [INFO] Watchdog: no response from serial port in 30s, forcing reconnect
2026-08-19 14:58:12,834 [INFO] Serial connection lost:
2026-08-19 14:58:12,834 [INFO] [Errno 2] could not open port /dev/ttyUSB0: [Errno 2] No such file or directory: '/dev/ttyUSB0'
2026-08-19 14:58:14,336 [INFO] Serial connection lost:
2026-08-19 14:58:14,336 [INFO] [Errno 2] could not open port /dev/ttyUSB0: [Errno 2] No such file or directory: '/dev/ttyUSB0'
2026-08-19 14:58:15,837 [INFO] Serial connection lost:
2026-08-19 14:58:15,837 [INFO] [Errno 2] could not open port /dev/ttyUSB0: [Errno 2] No such file or directory: '/dev/ttyUSB0'
2026-08-19 14:58:17,338 [INFO] Serial connection lost:
2026-08-19 14:58:17,339 [INFO] [Errno 2] could not open port /dev/ttyUSB0: [Errno 2] No such file or directory: '/dev/ttyUSB0'
2026-08-19 14:58:18,840 [INFO] Serial connection lost:
2026-08-19 14:58:18,840 [INFO] [Errno 2] could not open port /dev/ttyUSB0: [Errno 2] No such file or directory: '/dev/ttyUSB0'
2026-08-19 14:58:20,341 [INFO] Serial connection lost:
2026-08-19 14:58:20,341 [INFO] [Errno 2] could not open port /dev/ttyUSB0: [Errno 2] No such file or directory: '/dev/ttyUSB0'
2026-08-19 14:58:21,843 [INFO] Serial connection lost:
2026-08-19 14:58:21,843 [INFO] [Errno 2] could not open port /dev/ttyUSB0: [Errno 2] No such file or directory: '/dev/ttyUSB0'
2026-08-19 14:58:23,344 [INFO] Serial connection lost:
2026-08-19 14:58:23,344 [INFO] [Errno 2] could not open port /dev/ttyUSB0: [Errno 2] No such file or directory: '/dev/ttyUSB0'
2026-08-19 14:58:24,845 [INFO] Serial connection lost:
2026-08-19 14:58:24,845 [INFO] [Errno 2] could not open port /dev/ttyUSB0: [Errno 2] No such file or directory: '/dev/ttyUSB0'
2026-08-19 14:58:26,347 [INFO] Serial connection lost:
2026-08-19 14:58:26,347 [INFO] [Errno 2] could not open port /dev/ttyUSB0: [Errno 2] No such file or directory: '/dev/ttyUSB0'
2026-08-19 14:58:27,848 [INFO] Serial connection lost:
2026-08-19 14:58:27,848 [INFO] [Errno 2] could not open port /dev/ttyUSB0: [Errno 2] No such file or directory: '/dev/ttyUSB0'
2026-08-19 14:58:29,349 [INFO] Serial connection lost:
2026-08-19 14:58:29,350 [INFO] [Errno 2] could not open port /dev/ttyUSB0: [Errno 2] No such file or directory: '/dev/ttyUSB0'
2026-08-19 14:58:30,851 [INFO] Serial connection lost:
2026-08-19 14:58:30,851 [INFO] [Errno 2] could not open port /dev/ttyUSB0: [Errno 2] No such file or directory: '/dev/ttyUSB0'
2026-08-19 14:58:32,352 [INFO] Serial connection lost:
2026-08-19 14:58:32,352 [INFO] [Errno 2] could not open port /dev/ttyUSB0: [Errno 2] No such file or directory: '/dev/ttyUSB0'
2026-08-19 14:58:33,853 [INFO] Serial connection lost:
2026-08-19 14:58:33,854 [INFO] [Errno 2] could not open port /dev/ttyUSB0: [Errno 2] No such file or directory: '/dev/ttyUSB0'
2026-08-19 14:58:35,355 [INFO] Serial connection lost:
2026-08-19 14:58:35,355 [INFO] [Errno 2] could not open port /dev/ttyUSB0: [Errno 2] No such file or directory: '/dev/ttyUSB0'
2026-08-19 14:58:36,856 [INFO] Serial connection lost:
2026-08-19 14:58:36,856 [INFO] [Errno 2] could not open port /dev/ttyUSB0: [Errno 2] No such file or directory: '/dev/ttyUSB0'
2026-08-19 14:58:38,358 [INFO] Serial connection lost:
2026-08-19 14:58:38,358 [INFO] [Errno 2] could not open port /dev/ttyUSB0: [Errno 2] No such file or directory: '/dev/ttyUSB0'
2026-08-19 14:58:39,859 [INFO] Serial connection lost:
2026-08-19 14:58:39,859 [INFO] [Errno 2] could not open port /dev/ttyUSB0: [Errno 2] No such file or directory: '/dev/ttyUSB0'
2026-08-19 14:58:41,360 [INFO] Serial connection lost:
2026-08-19 14:58:41,360 [INFO] [Errno 2] could not open port /dev/ttyUSB0: [Errno 2] No such file or directory: '/dev/ttyUSB0'
2026-08-19 14:58:42,524 [INFO] Watchdog: no response from serial port in 30s, forcing reconnect
2026-08-19 14:58:42,862 [INFO] Serial connection lost:
2026-08-19 14:58:42,862 [INFO] [Errno 2] could not open port /dev/ttyUSB0: [Errno 2] No such file or directory: '/dev/ttyUSB0'
2026-08-19 14:58:44,363 [INFO] Serial connection lost:
2026-08-19 14:58:44,363 [INFO] [Errno 2] could not open port /dev/ttyUSB0: [Errno 2] No such file or directory: '/dev/ttyUSB0'
2026-08-19 14:58:45,864 [INFO] Serial connection lost:
2026-08-19 14:58:45,864 [INFO] [Errno 2] could not open port /dev/ttyUSB0: [Errno 2] No such file or directory: '/dev/ttyUSB0'
2026-08-19 14:58:47,366 [INFO] Serial connection lost:
2026-08-19 14:58:47,366 [INFO] [Errno 2] could not open port /dev/ttyUSB0: [Errno 2] No such file or directory: '/dev/ttyUSB0'
2026-08-19 14:58:48,867 [INFO] Serial connection lost:
2026-08-19 14:58:48,867 [INFO] [Errno 2] could not open port /dev/ttyUSB0: [Errno 2] No such file or directory: '/dev/ttyUSB0'
2026-08-19 14:58:50,368 [INFO] Serial connection lost:
2026-08-19 14:58:50,369 [INFO] [Errno 2] could not open port /dev/ttyUSB0: [Errno 2] No such file or directory: '/dev/ttyUSB0'
2026-08-19 14:58:51,870 [INFO] Serial connection lost:
2026-08-19 14:58:51,870 [INFO] [Errno 2] could not open port /dev/ttyUSB0: [Errno 2] No such file or directory: '/dev/ttyUSB0'
2026-08-19 14:58:53,372 [INFO] Serial connection lost:
2026-08-19 14:58:53,372 [INFO] [Errno 2] could not open port /dev/ttyUSB0: [Errno 2] No such file or directory: '/dev/ttyUSB0'
2026-08-19 14:58:54,873 [INFO] Serial connection lost:
2026-08-19 14:58:54,873 [INFO] [Errno 2] could not open port /dev/ttyUSB0: [Errno 2] No such file or directory: '/dev/ttyUSB0'
2026-08-19 14:58:56,374 [INFO] Serial connection lost:
2026-08-19 14:58:56,374 [INFO] [Errno 2] could not open port /dev/ttyUSB0: [Errno 2] No such file or directory: '/dev/ttyUSB0'
2026-08-19 14:58:57,876 [INFO] Serial connection lost:
2026-08-19 14:58:57,876 [INFO] [Errno 2] could not open port /dev/ttyUSB0: [Errno 2] No such file or directory: '/dev/ttyUSB0'
2026-08-19 14:58:59,377 [INFO] Serial connection lost:
2026-08-19 14:58:59,377 [INFO] [Errno 2] could not open port /dev/ttyUSB0: [Errno 2] No such file or directory: '/dev/ttyUSB0'
2026-08-19 14:59:00,879 [INFO] Serial connection lost:
2026-08-19 14:59:00,879 [INFO] [Errno 2] could not open port /dev/ttyUSB0: [Errno 2] No such file or directory: '/dev/ttyUSB0'
2026-08-19 14:59:02,380 [INFO] Serial connection lost:
2026-08-19 14:59:02,380 [INFO] [Errno 2] could not open port /dev/ttyUSB0: [Errno 2] No such file or directory: '/dev/ttyUSB0'
2026-08-19 14:59:03,882 [INFO] Serial connection lost:
2026-08-19 14:59:03,882 [INFO] [Errno 2] could not open port /dev/ttyUSB0: [Errno 2] No such file or directory: '/dev/ttyUSB0'
2026-08-19 14:59:05,383 [INFO] Serial connection lost:
2026-08-19 14:59:05,383 [INFO] [Errno 2] could not open port /dev/ttyUSB0: [Errno 2] No such file or directory: '/dev/ttyUSB0'
2026-08-19 14:59:06,884 [INFO] Serial connection lost:
2026-08-19 14:59:06,885 [INFO] [Errno 2] could not open port /dev/ttyUSB0: [Errno 2] No such file or directory: '/dev/ttyUSB0'
2026-08-19 14:59:08,386 [INFO] Serial connection lost:
2026-08-19 14:59:08,386 [INFO] [Errno 2] could not open port /dev/ttyUSB0: [Errno 2] No such file or directory: '/dev/ttyUSB0'
2026-08-19 14:59:09,887 [INFO] Serial connection lost:
2026-08-19 14:59:09,887 [INFO] [Errno 2] could not open port /dev/ttyUSB0: [Errno 2] No such file or directory: '/dev/ttyUSB0'
2026-08-19 14:59:11,389 [INFO] Serial connection lost:
2026-08-19 14:59:11,389 [INFO] [Errno 2] could not open port /dev/ttyUSB0: [Errno 2] No such file or directory: '/dev/ttyUSB0'
2026-08-19 14:59:12,528 [INFO] Watchdog: no response from serial port in 30s, forcing reconnect
2026-08-19 14:59:12,890 [INFO] Serial connection lost:
2026-08-19 14:59:12,890 [INFO] [Errno 2] could not open port /dev/ttyUSB0: [Errno 2] No such file or directory: '/dev/ttyUSB0'
2026-08-19 14:59:14,391 [INFO] Serial connection lost:
2026-08-19 14:59:14,392 [INFO] [Errno 2] could not open port /dev/ttyUSB0: [Errno 2] No such file or directory: '/dev/ttyUSB0'
2026-08-19 14:59:15,893 [INFO] Serial connection lost:
2026-08-19 14:59:15,893 [INFO] [Errno 2] could not open port /dev/ttyUSB0: [Errno 2] No such file or directory: '/dev/ttyUSB0'
2026-08-19 14:59:17,394 [INFO] Serial connection lost:
2026-08-19 14:59:17,395 [INFO] [Errno 2] could not open port /dev/ttyUSB0: [Errno 2] No such file or directory: '/dev/ttyUSB0'
2026-08-19 14:59:18,896 [INFO] Serial connection lost:
2026-08-19 14:59:18,896 [INFO] [Errno 2] could not open port /dev/ttyUSB0: [Errno 2] No such file or directory: '/dev/ttyUSB0'
2026-08-19 14:59:20,398 [INFO] Serial connection lost:
2026-08-19 14:59:20,398 [INFO] [Errno 2] could not open port /dev/ttyUSB0: [Errno 2] No such file or directory: '/dev/ttyUSB0'
2026-08-19 14:59:21,899 [INFO] Serial connection lost:
2026-08-19 14:59:21,899 [INFO] [Errno 2] could not open port /dev/ttyUSB0: [Errno 2] No such file or directory: '/dev/ttyUSB0'
2026-08-19 14:59:23,400 [INFO] Serial connection lost:
2026-08-19 14:59:23,401 [INFO] [Errno 2] could not open port /dev/ttyUSB0: [Errno 2] No such file or directory: '/dev/ttyUSB0'
2026-08-19 14:59:24,902 [INFO] Serial connection lost:
2026-08-19 14:59:24,902 [INFO] [Errno 2] could not open port /dev/ttyUSB0: [Errno 2] No such file or directory: '/dev/ttyUSB0'
2026-08-19 14:59:26,403 [INFO] Serial connection lost:
2026-08-19 14:59:26,403 [INFO] [Errno 2] could not open port /dev/ttyUSB0: [Errno 2] No such file or directory: '/dev/ttyUSB0'
2026-08-19 14:59:27,905 [INFO] Serial connection lost:
2026-08-19 14:59:27,905 [INFO] [Errno 2] could not open port /dev/ttyUSB0: [Errno 2] No such file or directory: '/dev/ttyUSB0'
2026-08-19 14:59:29,406 [INFO] Serial connection lost:
2026-08-19 14:59:29,406 [INFO] [Errno 2] could not open port /dev/ttyUSB0: [Errno 2] No such file or directory: '/dev/ttyUSB0'
2026-08-19 14:59:30,908 [INFO] Serial connection lost:
2026-08-19 14:59:30,908 [INFO] [Errno 2] could not open port /dev/ttyUSB0: [Errno 2] No such file or directory: '/dev/ttyUSB0'
2026-08-19 14:59:32,409 [INFO] Serial connection lost:
2026-08-19 14:59:32,409 [INFO] [Errno 2] could not open port /dev/ttyUSB0: [Errno 2] No such file or directory: '/dev/ttyUSB0'
2026-08-19 14:59:33,910 [INFO] Serial connection lost:
2026-08-19 14:59:33,910 [INFO] [Errno 2] could not open port /dev/ttyUSB0: [Errno 2] No such file or directory: '/dev/ttyUSB0'
2026-08-19 14:59:35,412 [INFO] Serial connection lost:
2026-08-19 14:59:35,412 [INFO] [Errno 2] could not open port /dev/ttyUSB0: [Errno 2] No such file or directory: '/dev/ttyUSB0'
2026-08-19 14:59:36,913 [INFO] Serial connection lost:
2026-08-19 14:59:36,913 [INFO] [Errno 2] could not open port /dev/ttyUSB0: [Errno 2] No such file or directory: '/dev/ttyUSB0'
2026-08-19 14:59:38,414 [INFO] Serial connection lost:
2026-08-19 14:59:38,415 [INFO] [Errno 2] could not open port /dev/ttyUSB0: [Errno 2] No such file or directory: '/dev/ttyUSB0'
2026-08-19 14:59:39,916 [INFO] Serial connection lost:
2026-08-19 14:59:39,916 [INFO] [Errno 2] could not open port /dev/ttyUSB0: [Errno 2] No such file or directory: '/dev/ttyUSB0'
2026-08-19 14:59:41,417 [INFO] Serial connection lost:
2026-08-19 14:59:41,417 [INFO] [Errno 2] could not open port /dev/ttyUSB0: [Errno 2] No such file or directory: '/dev/ttyUSB0'
2026-08-19 14:59:42,528 [INFO] Watchdog: no response from serial port in 30s, forcing reconnect
2026-08-19 14:59:42,919 [INFO] Serial connection lost:
2026-08-19 14:59:42,919 [INFO] [Errno 2] could not open port /dev/ttyUSB0: [Errno 2] No such file or directory: '/dev/ttyUSB0'
2026-08-19 14:59:44,420 [INFO] Serial connection lost:
2026-08-19 14:59:44,420 [INFO] [Errno 2] could not open port /dev/ttyUSB0: [Errno 2] No such file or directory: '/dev/ttyUSB0'
2026-08-19 14:59:45,921 [INFO] Serial connection lost:
2026-08-19 14:59:45,921 [INFO] [Errno 2] could not open port /dev/ttyUSB0: [Errno 2] No such file or directory: '/dev/ttyUSB0'
2026-08-19 14:59:47,423 [INFO] Serial connection lost:
2026-08-19 14:59:47,423 [INFO] [Errno 2] could not open port /dev/ttyUSB0: [Errno 2] No such file or directory: '/dev/ttyUSB0'
2026-08-19 14:59:48,924 [INFO] Serial connection lost:
2026-08-19 14:59:48,924 [INFO] [Errno 2] could not open port /dev/ttyUSB0: [Errno 2] No such file or directory: '/dev/ttyUSB0'
2026-08-19 14:59:50,425 [INFO] Serial connection lost:
2026-08-19 14:59:50,426 [INFO] [Errno 2] could not open port /dev/ttyUSB0: [Errno 2] No such file or directory: '/dev/ttyUSB0'
2026-08-19 14:59:51,927 [INFO] Serial connection lost:
2026-08-19 14:59:51,927 [INFO] [Errno 2] could not open port /dev/ttyUSB0: [Errno 2] No such file or directory: '/dev/ttyUSB0'
2026-08-19 14:59:53,428 [INFO] Serial connection lost:
2026-08-19 14:59:53,428 [INFO] [Errno 2] could not open port /dev/ttyUSB0: [Errno 2] No such file or directory: '/dev/ttyUSB0'
2026-08-19 14:59:54,929 [INFO] Serial connection lost:
2026-08-19 14:59:54,930 [INFO] [Errno 2] could not open port /dev/ttyUSB0: [Errno 2] No such file or directory: '/dev/ttyUSB0'
2026-08-19 14:59:56,431 [INFO] Serial connection lost:
2026-08-19 14:59:56,431 [INFO] [Errno 2] could not open port /dev/ttyUSB0: [Errno 2] No such file or directory: '/dev/ttyUSB0'
2026-08-19 14:59:57,932 [INFO] Serial connection lost:
2026-08-19 14:59:57,933 [INFO] [Errno 2] could not open port /dev/ttyUSB0: [Errno 2] No such file or directory: '/dev/ttyUSB0'
2026-08-19 14:59:59,434 [INFO] Serial connection lost:
2026-08-19 14:59:59,434 [INFO] [Errno 2] could not open port /dev/ttyUSB0: [Errno 2] No such file or directory: '/dev/ttyUSB0'
2026-08-19 15:00:00,935 [INFO] Serial connection lost:
2026-08-19 15:00:00,935 [INFO] [Errno 2] could not open port /dev/ttyUSB0: [Errno 2] No such file or directory: '/dev/ttyUSB0'
2026-08-19 15:00:02,437 [INFO] Serial connection lost:
2026-08-19 15:00:02,437 [INFO] [Errno 2] could not open port /dev/ttyUSB0: [Errno 2] No such file or directory: '/dev/ttyUSB0'
2026-08-19 15:00:03,938 [INFO] Serial connection lost:
2026-08-19 15:00:03,938 [INFO] [Errno 2] could not open port /dev/ttyUSB0: [Errno 2] No such file or directory: '/dev/ttyUSB0'
2026-08-19 15:00:05,439 [INFO] Serial connection lost:
2026-08-19 15:00:05,439 [INFO] [Errno 2] could not open port /dev/ttyUSB0: [Errno 2] No such file or directory: '/dev/ttyUSB0'
2026-08-19 15:00:06,941 [INFO] Serial connection lost:
2026-08-19 15:00:06,941 [INFO] [Errno 2] could not open port /dev/ttyUSB0: [Errno 2] No such file or directory: '/dev/ttyUSB0'
2026-08-19 15:00:08,442 [INFO] Serial connection lost:
2026-08-19 15:00:08,442 [INFO] [Errno 2] could not open port /dev/ttyUSB0: [Errno 2] No such file or directory: '/dev/ttyUSB0'
2026-08-19 15:00:09,943 [INFO] Serial connection lost:
2026-08-19 15:00:09,944 [INFO] [Errno 2] could not open port /dev/ttyUSB0: [Errno 2] No such file or directory: '/dev/ttyUSB0'
2026-08-19 15:00:11,445 [INFO] Serial connection lost:
2026-08-19 15:00:11,445 [INFO] [Errno 2] could not open port /dev/ttyUSB0: [Errno 2] No such file or directory: '/dev/ttyUSB0'
2026-08-19 15:00:12,946 [INFO] Serial connection lost:
2026-08-19 15:00:12,946 [INFO] [Errno 2] could not open port /dev/ttyUSB0: [Errno 2] No such file or directory: '/dev/ttyUSB0'
2026-08-19 15:00:13,527 [INFO] Watchdog: no response from serial port in 30s, forcing reconnect
2026-08-19 15:00:14,448 [INFO] Serial connection lost:
2026-08-19 15:00:14,448 [INFO] [Errno 2] could not open port /dev/ttyUSB0: [Errno 2] No such file or directory: '/dev/ttyUSB0'
2026-08-19 15:00:15,949 [INFO] Serial connection lost:
2026-08-19 15:00:15,949 [INFO] [Errno 2] could not open port /dev/ttyUSB0: [Errno 2] No such file or directory: '/dev/ttyUSB0'
2026-08-19 15:00:17,450 [INFO] Serial connection lost:
2026-08-19 15:00:17,450 [INFO] [Errno 2] could not open port /dev/ttyUSB0: [Errno 2] No such file or directory: '/dev/ttyUSB0'
2026-08-19 15:00:18,952 [INFO] Serial connection lost:
2026-08-19 15:00:18,952 [INFO] [Errno 2] could not open port /dev/ttyUSB0: [Errno 2] No such file or directory: '/dev/ttyUSB0'
2026-08-19 15:00:20,453 [INFO] Serial connection lost:
2026-08-19 15:00:20,453 [INFO] [Errno 2] could not open port /dev/ttyUSB0: [Errno 2] No such file or directory: '/dev/ttyUSB0'
2026-08-19 15:00:21,954 [INFO] Serial connection lost:
2026-08-19 15:00:21,954 [INFO] [Errno 2] could not open port /dev/ttyUSB0: [Errno 2] No such file or directory: '/dev/ttyUSB0'
2026-08-19 15:00:23,456 [INFO] Serial connection lost:
2026-08-19 15:00:23,456 [INFO] [Errno 2] could not open port /dev/ttyUSB0: [Errno 2] No such file or directory: '/dev/ttyUSB0'
2026-08-19 15:00:24,957 [INFO] Serial connection lost:
2026-08-19 15:00:24,957 [INFO] [Errno 2] could not open port /dev/ttyUSB0: [Errno 2] No such file or directory: '/dev/ttyUSB0'
2026-08-19 15:00:26,458 [INFO] Serial connection lost:
2026-08-19 15:00:26,458 [INFO] [Errno 2] could not open port /dev/ttyUSB0: [Errno 2] No such file or directory: '/dev/ttyUSB0'
2026-08-19 15:00:27,960 [INFO] Serial connection lost:
2026-08-19 15:00:27,960 [INFO] [Errno 2] could not open port /dev/ttyUSB0: [Errno 2] No such file or directory: '/dev/ttyUSB0'
2026-08-19 15:00:29,461 [INFO] Serial connection lost:
2026-08-19 15:00:29,461 [INFO] [Errno 2] could not open port /dev/ttyUSB0: [Errno 2] No such file or directory: '/dev/ttyUSB0'
2026-08-19 15:00:30,962 [INFO] Serial connection lost:
2026-08-19 15:00:30,962 [INFO] [Errno 2] could not open port /dev/ttyUSB0: [Errno 2] No such file or directory: '/dev/ttyUSB0'
2026-08-19 15:00:32,464 [INFO] Serial connection lost:
2026-08-19 15:00:32,464 [INFO] [Errno 2] could not open port /dev/ttyUSB0: [Errno 2] No such file or directory: '/dev/ttyUSB0'
2026-08-19 15:00:33,965 [INFO] Serial connection lost:
2026-08-19 15:00:33,965 [INFO] [Errno 2] could not open port /dev/ttyUSB0: [Errno 2] No such file or directory: '/dev/ttyUSB0'
2026-08-19 15:00:34,866 [INFO] Serial disconnected
2026-08-19 15:04:50,499 [INFO] Production data loaded successfully.
2026-08-19 15:04:50,499 [INFO] {'1': {'ok': 6, 'ng': 8, 'total': 14}, '2': {'ok': 1, 'ng': 0, 'total': 1}, '3': {'ok': 48, 'ng': 54, 'total': 102}, '4': {'ok': 0, 'ng': 0, 'total': 0}}
2026-08-19 15:04:50,500 [INFO] gpiod not installed - GPIO disabled
2026-08-19 15:04:50,500 [INFO] Backend initialized
2026-08-19 15:04:50,606 [INFO] Serial connection lost:
2026-08-19 15:04:50,607 [INFO] [Errno 2] could not open port /dev/ttyUSB0: [Errno 2] No such file or directory: '/dev/ttyUSB0'
2026-08-19 15:04:52,002 [INFO] Serial connection lost:
2026-08-19 15:04:52,002 [INFO] [Errno 2] could not open port /dev/ttyUSB0: [Errno 2] No such file or directory: '/dev/ttyUSB0'
2026-08-19 15:04:53,504 [INFO] Serial connection lost:
2026-08-19 15:04:53,504 [INFO] [Errno 2] could not open port /dev/ttyUSB0: [Errno 2] No such file or directory: '/dev/ttyUSB0'
2026-08-19 15:04:55,005 [INFO] Serial connection lost:
2026-08-19 15:04:55,005 [INFO] [Errno 2] could not open port /dev/ttyUSB0: [Errno 2] No such file or directory: '/dev/ttyUSB0'
2026-08-19 15:04:56,506 [INFO] Serial connection lost:
2026-08-19 15:04:56,506 [INFO] [Errno 2] could not open port /dev/ttyUSB0: [Errno 2] No such file or directory: '/dev/ttyUSB0'
2026-08-19 15:04:58,008 [INFO] Serial connection lost:
2026-08-19 15:04:58,008 [INFO] [Errno 2] could not open port /dev/ttyUSB0: [Errno 2] No such file or directory: '/dev/ttyUSB0'
2026-08-19 15:04:59,509 [INFO] Serial connection lost:
2026-08-19 15:04:59,509 [INFO] [Errno 2] could not open port /dev/ttyUSB0: [Errno 2] No such file or directory: '/dev/ttyUSB0'
2026-08-19 15:05:01,010 [INFO] Serial connection lost:
2026-08-19 15:05:01,011 [INFO] [Errno 2] could not open port /dev/ttyUSB0: [Errno 2] No such file or directory: '/dev/ttyUSB0'
2026-08-19 15:05:02,512 [INFO] Serial connection lost:
2026-08-19 15:05:02,512 [INFO] [Errno 2] could not open port /dev/ttyUSB0: [Errno 2] No such file or directory: '/dev/ttyUSB0'
2026-08-19 15:05:04,013 [INFO] Serial disconnected
2026-08-19 15:06:25,624 [INFO] Production data loaded successfully.
2026-08-19 15:06:25,624 [INFO] {'1': {'ok': 6, 'ng': 8, 'total': 14}, '2': {'ok': 1, 'ng': 0, 'total': 1}, '3': {'ok': 48, 'ng': 54, 'total': 102}, '4': {'ok': 0, 'ng': 0, 'total': 0}}
2026-08-19 15:06:25,624 [INFO] gpiod not installed - GPIO disabled
2026-08-19 15:06:25,624 [INFO] Backend initialized
2026-08-19 15:06:25,724 [INFO] Serial connection lost:
2026-08-19 15:06:25,724 [INFO] [Errno 2] could not open port /dev/ttyUSB0: [Errno 2] No such file or directory: '/dev/ttyUSB0'
2026-08-19 15:06:27,127 [INFO] Serial connection lost:
2026-08-19 15:06:27,127 [INFO] [Errno 2] could not open port /dev/ttyUSB0: [Errno 2] No such file or directory: '/dev/ttyUSB0'
2026-08-19 15:06:28,628 [INFO] Serial connection lost:
2026-08-19 15:06:28,628 [INFO] [Errno 2] could not open port /dev/ttyUSB0: [Errno 2] No such file or directory: '/dev/ttyUSB0'
2026-08-19 15:06:30,129 [INFO] Serial connection lost:
2026-08-19 15:06:30,129 [INFO] [Errno 2] could not open port /dev/ttyUSB0: [Errno 2] No such file or directory: '/dev/ttyUSB0'
2026-08-19 15:06:31,631 [INFO] Serial connection lost:
2026-08-19 15:06:31,631 [INFO] [Errno 2] could not open port /dev/ttyUSB0: [Errno 2] No such file or directory: '/dev/ttyUSB0'
2026-08-19 15:06:33,132 [INFO] Serial connection lost:
2026-08-19 15:06:33,132 [INFO] [Errno 2] could not open port /dev/ttyUSB0: [Errno 2] No such file or directory: '/dev/ttyUSB0'
2026-08-19 15:06:34,633 [INFO] Serial connection lost:
2026-08-19 15:06:34,633 [INFO] [Errno 2] could not open port /dev/ttyUSB0: [Errno 2] No such file or directory: '/dev/ttyUSB0'
2026-08-19 15:06:36,135 [INFO] Serial connection lost:
2026-08-19 15:06:36,135 [INFO] [Errno 2] could not open port /dev/ttyUSB0: [Errno 2] No such file or directory: '/dev/ttyUSB0'
2026-08-19 15:06:37,636 [INFO] Serial connection lost:
2026-08-19 15:06:37,636 [INFO] [Errno 2] could not open port /dev/ttyUSB0: [Errno 2] No such file or directory: '/dev/ttyUSB0'
2026-08-19 15:06:39,137 [INFO] Serial connection lost:
2026-08-19 15:06:39,137 [INFO] [Errno 2] could not open port /dev/ttyUSB0: [Errno 2] No such file or directory: '/dev/ttyUSB0'
2026-08-19 15:06:40,639 [INFO] Serial connection lost:
2026-08-19 15:06:40,639 [INFO] [Errno 2] could not open port /dev/ttyUSB0: [Errno 2] No such file or directory: '/dev/ttyUSB0'
2026-08-19 15:06:42,140 [INFO] Serial connection lost:
2026-08-19 15:06:42,140 [INFO] [Errno 2] could not open port /dev/ttyUSB0: [Errno 2] No such file or directory: '/dev/ttyUSB0'
2026-08-19 15:06:43,641 [INFO] Serial connection lost:
2026-08-19 15:06:43,641 [INFO] [Errno 2] could not open port /dev/ttyUSB0: [Errno 2] No such file or directory: '/dev/ttyUSB0'
2026-08-19 15:06:45,143 [INFO] Serial connection lost:
2026-08-19 15:06:45,143 [INFO] [Errno 2] could not open port /dev/ttyUSB0: [Errno 2] No such file or directory: '/dev/ttyUSB0'
2026-08-19 15:06:46,644 [INFO] Serial connection lost:
2026-08-19 15:06:46,644 [INFO] [Errno 2] could not open port /dev/ttyUSB0: [Errno 2] No such file or directory: '/dev/ttyUSB0'
2026-08-19 15:06:48,145 [INFO] Serial connection lost:
2026-08-19 15:06:48,145 [INFO] [Errno 2] could not open port /dev/ttyUSB0: [Errno 2] No such file or directory: '/dev/ttyUSB0'
2026-08-19 15:06:49,647 [INFO] Serial connection lost:
2026-08-19 15:06:49,647 [INFO] [Errno 2] could not open port /dev/ttyUSB0: [Errno 2] No such file or directory: '/dev/ttyUSB0'
2026-08-19 15:06:51,148 [INFO] Serial connection lost:
2026-08-19 15:06:51,148 [INFO] [Errno 2] could not open port /dev/ttyUSB0: [Errno 2] No such file or directory: '/dev/ttyUSB0'
2026-08-19 15:06:52,649 [INFO] Serial connection lost:
2026-08-19 15:06:52,649 [INFO] [Errno 2] could not open port /dev/ttyUSB0: [Errno 2] No such file or directory: '/dev/ttyUSB0'
2026-08-19 15:06:54,151 [INFO] Serial connection lost:
2026-08-19 15:06:54,151 [INFO] [Errno 2] could not open port /dev/ttyUSB0: [Errno 2] No such file or directory: '/dev/ttyUSB0'
2026-08-19 15:06:55,652 [INFO] Serial connection lost:
2026-08-19 15:06:55,652 [INFO] [Errno 2] could not open port /dev/ttyUSB0: [Errno 2] No such file or directory: '/dev/ttyUSB0'
2026-08-19 15:06:56,526 [INFO] Watchdog: no response from serial port in 30s, forcing reconnect
2026-08-19 15:06:57,153 [INFO] Serial connection lost:
2026-08-19 15:06:57,153 [INFO] [Errno 2] could not open port /dev/ttyUSB0: [Errno 2] No such file or directory: '/dev/ttyUSB0'
2026-08-19 15:06:58,655 [INFO] Serial connection lost:
2026-08-19 15:06:58,655 [INFO] [Errno 2] could not open port /dev/ttyUSB0: [Errno 2] No such file or directory: '/dev/ttyUSB0'
2026-08-19 15:07:00,156 [INFO] Serial connection lost:
2026-08-19 15:07:00,156 [INFO] [Errno 2] could not open port /dev/ttyUSB0: [Errno 2] No such file or directory: '/dev/ttyUSB0'
2026-08-19 15:07:01,657 [INFO] Serial connection lost:
2026-08-19 15:07:01,658 [INFO] [Errno 2] could not open port /dev/ttyUSB0: [Errno 2] No such file or directory: '/dev/ttyUSB0'
2026-08-19 15:07:03,159 [INFO] Serial connection lost:
2026-08-19 15:07:03,159 [INFO] [Errno 2] could not open port /dev/ttyUSB0: [Errno 2] No such file or directory: '/dev/ttyUSB0'
2026-08-19 15:07:04,660 [INFO] Serial connection lost:
2026-08-19 15:07:04,660 [INFO] [Errno 2] could not open port /dev/ttyUSB0: [Errno 2] No such file or directory: '/dev/ttyUSB0'
2026-08-19 15:07:06,161 [INFO] Serial connection lost:
2026-08-19 15:07:06,162 [INFO] [Errno 2] could not open port /dev/ttyUSB0: [Errno 2] No such file or directory: '/dev/ttyUSB0'
2026-08-19 15:07:07,663 [INFO] Serial connection lost:
2026-08-19 15:07:07,663 [INFO] [Errno 2] could not open port /dev/ttyUSB0: [Errno 2] No such file or directory: '/dev/ttyUSB0'
2026-08-19 15:07:09,164 [INFO] Serial connection lost:
2026-08-19 15:07:09,164 [INFO] [Errno 2] could not open port /dev/ttyUSB0: [Errno 2] No such file or directory: '/dev/ttyUSB0'
2026-08-19 15:07:10,665 [INFO] Serial connection lost:
2026-08-19 15:07:10,665 [INFO] [Errno 2] could not open port /dev/ttyUSB0: [Errno 2] No such file or directory: '/dev/ttyUSB0'
2026-08-19 15:07:12,167 [INFO] Serial connection lost:
2026-08-19 15:07:12,167 [INFO] [Errno 2] could not open port /dev/ttyUSB0: [Errno 2] No such file or directory: '/dev/ttyUSB0'
2026-08-19 15:07:13,668 [INFO] Serial connection lost:
2026-08-19 15:07:13,668 [INFO] [Errno 2] could not open port /dev/ttyUSB0: [Errno 2] No such file or directory: '/dev/ttyUSB0'
2026-08-19 15:07:15,170 [INFO] Serial disconnected
2026-08-19 15:08:58,916 [INFO] Production data loaded successfully.
2026-08-19 15:08:58,916 [INFO] {'1': {'ok': 6, 'ng': 8, 'total': 14}, '2': {'ok': 1, 'ng': 0, 'total': 1}, '3': {'ok': 48, 'ng': 54, 'total': 102}, '4': {'ok': 0, 'ng': 0, 'total': 0}}
2026-08-19 15:08:58,916 [INFO] gpiod not installed - GPIO disabled
2026-08-19 15:08:58,917 [INFO] Backend initialized
2026-08-19 15:08:59,033 [INFO] Serial connection lost:
2026-08-19 15:08:59,033 [INFO] [Errno 2] could not open port /dev/ttyUSB0: [Errno 2] No such file or directory: '/dev/ttyUSB0'
2026-08-19 15:09:00,419 [INFO] Serial connection lost:
2026-08-19 15:09:00,419 [INFO] [Errno 2] could not open port /dev/ttyUSB0: [Errno 2] No such file or directory: '/dev/ttyUSB0'
2026-08-19 15:09:01,920 [INFO] Serial connection lost:
2026-08-19 15:09:01,920 [INFO] [Errno 2] could not open port /dev/ttyUSB0: [Errno 2] No such file or directory: '/dev/ttyUSB0'
2026-08-19 15:09:03,421 [INFO] Serial connection lost:
2026-08-19 15:09:03,421 [INFO] [Errno 2] could not open port /dev/ttyUSB0: [Errno 2] No such file or directory: '/dev/ttyUSB0'
2026-08-19 15:09:04,923 [INFO] Serial connection lost:
2026-08-19 15:09:04,923 [INFO] [Errno 2] could not open port /dev/ttyUSB0: [Errno 2] No such file or directory: '/dev/ttyUSB0'
2026-08-19 15:09:06,424 [INFO] Serial connection lost:
2026-08-19 15:09:06,424 [INFO] [Errno 2] could not open port /dev/ttyUSB0: [Errno 2] No such file or directory: '/dev/ttyUSB0'
2026-08-19 15:09:07,925 [INFO] Serial connection lost:
2026-08-19 15:09:07,925 [INFO] [Errno 2] could not open port /dev/ttyUSB0: [Errno 2] No such file or directory: '/dev/ttyUSB0'
2026-08-19 15:09:09,427 [INFO] Serial connection lost:
2026-08-19 15:09:09,427 [INFO] [Errno 2] could not open port /dev/ttyUSB0: [Errno 2] No such file or directory: '/dev/ttyUSB0'
2026-08-19 15:09:10,928 [INFO] Serial connection lost:
2026-08-19 15:09:10,928 [INFO] [Errno 2] could not open port /dev/ttyUSB0: [Errno 2] No such file or directory: '/dev/ttyUSB0'
2026-08-19 15:09:12,429 [INFO] Serial connection lost:
2026-08-19 15:09:12,429 [INFO] [Errno 2] could not open port /dev/ttyUSB0: [Errno 2] No such file or directory: '/dev/ttyUSB0'
2026-08-19 15:09:13,930 [INFO] Serial connection lost:
2026-08-19 15:09:13,931 [INFO] [Errno 2] could not open port /dev/ttyUSB0: [Errno 2] No such file or directory: '/dev/ttyUSB0'
2026-08-19 15:09:15,432 [INFO] Serial connection lost:
2026-08-19 15:09:15,432 [INFO] [Errno 2] could not open port /dev/ttyUSB0: [Errno 2] No such file or directory: '/dev/ttyUSB0'
2026-08-19 15:09:16,933 [INFO] Serial connection lost:
2026-08-19 15:09:16,933 [INFO] [Errno 2] could not open port /dev/ttyUSB0: [Errno 2] No such file or directory: '/dev/ttyUSB0'
2026-08-19 15:09:18,435 [INFO] Serial connection lost:
2026-08-19 15:09:18,435 [INFO] [Errno 2] could not open port /dev/ttyUSB0: [Errno 2] No such file or directory: '/dev/ttyUSB0'
2026-08-19 15:09:19,936 [INFO] Serial connection lost:
2026-08-19 15:09:19,936 [INFO] [Errno 2] could not open port /dev/ttyUSB0: [Errno 2] No such file or directory: '/dev/ttyUSB0'
2026-08-19 15:09:21,437 [INFO] Serial connection lost:
2026-08-19 15:09:21,437 [INFO] [Errno 2] could not open port /dev/ttyUSB0: [Errno 2] No such file or directory: '/dev/ttyUSB0'
2026-08-19 15:09:22,939 [INFO] Serial connection lost:
2026-08-19 15:09:22,939 [INFO] [Errno 2] could not open port /dev/ttyUSB0: [Errno 2] No such file or directory: '/dev/ttyUSB0'
2026-08-19 15:09:24,440 [INFO] Serial connection lost:
2026-08-19 15:09:24,440 [INFO] [Errno 2] could not open port /dev/ttyUSB0: [Errno 2] No such file or directory: '/dev/ttyUSB0'
2026-08-19 15:09:25,941 [INFO] Serial connection lost:
2026-08-19 15:09:25,942 [INFO] [Errno 2] could not open port /dev/ttyUSB0: [Errno 2] No such file or directory: '/dev/ttyUSB0'
2026-08-19 15:09:27,443 [INFO] Serial connection lost:
2026-08-19 15:09:27,443 [INFO] [Errno 2] could not open port /dev/ttyUSB0: [Errno 2] No such file or directory: '/dev/ttyUSB0'
2026-08-19 15:09:28,944 [INFO] Serial connection lost:
2026-08-19 15:09:28,944 [INFO] [Errno 2] could not open port /dev/ttyUSB0: [Errno 2] No such file or directory: '/dev/ttyUSB0'
2026-08-19 15:09:29,024 [INFO] Watchdog: no response from serial port in 30s, forcing reconnect
2026-08-19 15:09:30,445 [INFO] Serial connection lost:
2026-08-19 15:09:30,446 [INFO] [Errno 2] could not open port /dev/ttyUSB0: [Errno 2] No such file or directory: '/dev/ttyUSB0'
2026-08-19 15:09:31,947 [INFO] Serial connection lost:
2026-08-19 15:09:31,947 [INFO] [Errno 2] could not open port /dev/ttyUSB0: [Errno 2] No such file or directory: '/dev/ttyUSB0'
2026-08-19 15:09:33,448 [INFO] Serial connection lost:
2026-08-19 15:09:33,448 [INFO] [Errno 2] could not open port /dev/ttyUSB0: [Errno 2] No such file or directory: '/dev/ttyUSB0'
2026-08-19 15:09:34,950 [INFO] Serial connection lost:
2026-08-19 15:09:34,950 [INFO] [Errno 2] could not open port /dev/ttyUSB0: [Errno 2] No such file or directory: '/dev/ttyUSB0'
2026-08-19 15:09:36,451 [INFO] Serial connection lost:
2026-08-19 15:09:36,451 [INFO] [Errno 2] could not open port /dev/ttyUSB0: [Errno 2] No such file or directory: '/dev/ttyUSB0'
2026-08-19 15:09:37,952 [INFO] Serial connection lost:
2026-08-19 15:09:37,952 [INFO] [Errno 2] could not open port /dev/ttyUSB0: [Errno 2] No such file or directory: '/dev/ttyUSB0'
2026-08-19 15:09:39,454 [INFO] Serial connection lost:
2026-08-19 15:09:39,454 [INFO] [Errno 2] could not open port /dev/ttyUSB0: [Errno 2] No such file or directory: '/dev/ttyUSB0'
2026-08-19 15:09:40,438 [INFO] Switching to:
2026-08-19 15:09:40,438 [INFO] S PART1
2026-08-19 15:09:40,955 [INFO] Serial connection lost:
2026-08-19 15:09:40,955 [INFO] [Errno 2] could not open port /dev/ttyUSB0: [Errno 2] No such file or directory: '/dev/ttyUSB0'
2026-08-19 15:09:42,456 [INFO] Serial connection lost:
2026-08-19 15:09:42,456 [INFO] [Errno 2] could not open port /dev/ttyUSB0: [Errno 2] No such file or directory: '/dev/ttyUSB0'
2026-08-19 15:09:43,958 [INFO] Serial connection lost:
2026-08-19 15:09:43,958 [INFO] [Errno 2] could not open port /dev/ttyUSB0: [Errno 2] No such file or directory: '/dev/ttyUSB0'
2026-08-19 15:09:45,459 [INFO] Serial connection lost:
2026-08-19 15:09:45,459 [INFO] [Errno 2] could not open port /dev/ttyUSB0: [Errno 2] No such file or directory: '/dev/ttyUSB0'
2026-08-19 15:09:46,960 [INFO] Serial connection lost:
2026-08-19 15:09:46,960 [INFO] [Errno 2] could not open port /dev/ttyUSB0: [Errno 2] No such file or directory: '/dev/ttyUSB0'
2026-08-19 15:09:48,476 [INFO] Serial connection lost:
2026-08-19 15:09:48,476 [INFO] [Errno 2] could not open port /dev/ttyUSB0: [Errno 2] No such file or directory: '/dev/ttyUSB0'
2026-08-19 15:09:49,259 [INFO] Switching to:
2026-08-19 15:09:49,259 [INFO] S PART2
2026-08-19 15:09:49,963 [INFO] Serial connection lost:
2026-08-19 15:09:49,963 [INFO] [Errno 2] could not open port /dev/ttyUSB0: [Errno 2] No such file or directory: '/dev/ttyUSB0'
2026-08-19 15:09:51,464 [INFO] Serial connection lost:
2026-08-19 15:09:51,465 [INFO] [Errno 2] could not open port /dev/ttyUSB0: [Errno 2] No such file or directory: '/dev/ttyUSB0'
2026-08-19 15:09:52,966 [INFO] Serial connection lost:
2026-08-19 15:09:52,966 [INFO] [Errno 2] could not open port /dev/ttyUSB0: [Errno 2] No such file or directory: '/dev/ttyUSB0'
2026-08-19 15:09:54,467 [INFO] Serial connection lost:
2026-08-19 15:09:54,467 [INFO] [Errno 2] could not open port /dev/ttyUSB0: [Errno 2] No such file or directory: '/dev/ttyUSB0'
2026-08-19 15:09:55,969 [INFO] Serial connection lost:
2026-08-19 15:09:55,969 [INFO] [Errno 2] could not open port /dev/ttyUSB0: [Errno 2] No such file or directory: '/dev/ttyUSB0'
2026-08-19 15:09:57,270 [INFO] Serial disconnected
2026-08-19 15:11:58,292 [INFO] Production data loaded successfully.
2026-08-19 15:11:58,292 [INFO] {'1': {'ok': 6, 'ng': 8, 'total': 14}, '2': {'ok': 1, 'ng': 0, 'total': 1}, '3': {'ok': 48, 'ng': 54, 'total': 102}, '4': {'ok': 0, 'ng': 0, 'total': 0}}
2026-08-19 15:11:58,293 [INFO] gpiod not installed - GPIO disabled
2026-08-19 15:11:58,293 [INFO] Backend initialized
2026-08-19 15:11:58,413 [INFO] Serial connection lost:
2026-08-19 15:11:58,413 [INFO] [Errno 2] could not open port /dev/ttyUSB0: [Errno 2] No such file or directory: '/dev/ttyUSB0'
2026-08-19 15:11:59,795 [INFO] Serial connection lost:
2026-08-19 15:11:59,795 [INFO] [Errno 2] could not open port /dev/ttyUSB0: [Errno 2] No such file or directory: '/dev/ttyUSB0'
2026-08-19 15:12:01,296 [INFO] Serial connection lost:
2026-08-19 15:12:01,296 [INFO] [Errno 2] could not open port /dev/ttyUSB0: [Errno 2] No such file or directory: '/dev/ttyUSB0'
2026-08-19 15:12:02,798 [INFO] Serial connection lost:
2026-08-19 15:12:02,798 [INFO] [Errno 2] could not open port /dev/ttyUSB0: [Errno 2] No such file or directory: '/dev/ttyUSB0'
2026-08-19 15:12:04,299 [INFO] Serial connection lost:
2026-08-19 15:12:04,299 [INFO] [Errno 2] could not open port /dev/ttyUSB0: [Errno 2] No such file or directory: '/dev/ttyUSB0'
2026-08-19 15:12:05,800 [INFO] Serial connection lost:
2026-08-19 15:12:05,800 [INFO] [Errno 2] could not open port /dev/ttyUSB0: [Errno 2] No such file or directory: '/dev/ttyUSB0'
2026-08-19 15:12:07,302 [INFO] Serial connection lost:
2026-08-19 15:12:07,302 [INFO] [Errno 2] could not open port /dev/ttyUSB0: [Errno 2] No such file or directory: '/dev/ttyUSB0'
2026-08-19 15:12:08,403 [INFO] Serial disconnected
2026-08-19 15:12:19,538 [INFO] Production data loaded successfully.
2026-08-19 15:12:19,538 [INFO] {'1': {'ok': 6, 'ng': 8, 'total': 14}, '2': {'ok': 1, 'ng': 0, 'total': 1}, '3': {'ok': 48, 'ng': 54, 'total': 102}, '4': {'ok': 0, 'ng': 0, 'total': 0}}
2026-08-19 15:12:19,538 [INFO] gpiod not installed - GPIO disabled
2026-08-19 15:12:19,539 [INFO] Backend initialized
2026-08-19 15:12:19,640 [INFO] Serial connection lost:
2026-08-19 15:12:19,640 [INFO] [Errno 2] could not open port /dev/ttyUSB0: [Errno 2] No such file or directory: '/dev/ttyUSB0'
2026-08-19 15:12:21,041 [INFO] Serial connection lost:
2026-08-19 15:12:21,041 [INFO] [Errno 2] could not open port /dev/ttyUSB0: [Errno 2] No such file or directory: '/dev/ttyUSB0'
2026-08-19 15:12:22,542 [INFO] Serial connection lost:
2026-08-19 15:12:22,542 [INFO] [Errno 2] could not open port /dev/ttyUSB0: [Errno 2] No such file or directory: '/dev/ttyUSB0'
2026-08-19 15:12:24,043 [INFO] Serial connection lost:
2026-08-19 15:12:24,044 [INFO] [Errno 2] could not open port /dev/ttyUSB0: [Errno 2] No such file or directory: '/dev/ttyUSB0'
2026-08-19 15:12:25,545 [INFO] Serial connection lost:
2026-08-19 15:12:25,545 [INFO] [Errno 2] could not open port /dev/ttyUSB0: [Errno 2] No such file or directory: '/dev/ttyUSB0'
2026-08-19 15:12:27,046 [INFO] Serial connection lost:
2026-08-19 15:12:27,046 [INFO] [Errno 2] could not open port /dev/ttyUSB0: [Errno 2] No such file or directory: '/dev/ttyUSB0'
2026-08-19 15:12:28,548 [INFO] Serial connection lost:
2026-08-19 15:12:28,548 [INFO] [Errno 2] could not open port /dev/ttyUSB0: [Errno 2] No such file or directory: '/dev/ttyUSB0'
2026-08-19 15:12:30,049 [INFO] Serial connection lost:
2026-08-19 15:12:30,049 [INFO] [Errno 2] could not open port /dev/ttyUSB0: [Errno 2] No such file or directory: '/dev/ttyUSB0'
2026-08-19 15:12:31,551 [INFO] Serial connection lost:
2026-08-19 15:12:31,551 [INFO] [Errno 2] could not open port /dev/ttyUSB0: [Errno 2] No such file or directory: '/dev/ttyUSB0'
2026-08-19 15:12:33,052 [INFO] Serial connection lost:
2026-08-19 15:12:33,052 [INFO] [Errno 2] could not open port /dev/ttyUSB0: [Errno 2] No such file or directory: '/dev/ttyUSB0'
2026-08-19 15:12:34,053 [INFO] Serial disconnected
2026-08-19 15:13:15,899 [INFO] Production data loaded successfully.
2026-08-19 15:13:15,899 [INFO] {'1': {'ok': 6, 'ng': 8, 'total': 14}, '2': {'ok': 1, 'ng': 0, 'total': 1}, '3': {'ok': 48, 'ng': 54, 'total': 102}, '4': {'ok': 0, 'ng': 0, 'total': 0}}
2026-08-19 15:13:15,900 [INFO] gpiod not installed - GPIO disabled
2026-08-19 15:13:15,900 [INFO] Backend initialized
2026-08-19 15:13:15,995 [INFO] Serial connection lost:
2026-08-19 15:13:15,995 [INFO] [Errno 2] could not open port /dev/ttyUSB0: [Errno 2] No such file or directory: '/dev/ttyUSB0'
2026-08-19 15:13:17,402 [INFO] Serial connection lost:
2026-08-19 15:13:17,402 [INFO] [Errno 2] could not open port /dev/ttyUSB0: [Errno 2] No such file or directory: '/dev/ttyUSB0'
2026-08-19 15:13:18,903 [INFO] Serial connection lost:
2026-08-19 15:13:18,904 [INFO] [Errno 2] could not open port /dev/ttyUSB0: [Errno 2] No such file or directory: '/dev/ttyUSB0'
2026-08-19 15:13:20,405 [INFO] Serial connection lost:
2026-08-19 15:13:20,405 [INFO] [Errno 2] could not open port /dev/ttyUSB0: [Errno 2] No such file or directory: '/dev/ttyUSB0'
2026-08-19 15:13:21,906 [INFO] Serial connection lost:
2026-08-19 15:13:21,906 [INFO] [Errno 2] could not open port /dev/ttyUSB0: [Errno 2] No such file or directory: '/dev/ttyUSB0'
2026-08-19 15:13:23,407 [INFO] Serial connection lost:
2026-08-19 15:13:23,407 [INFO] [Errno 2] could not open port /dev/ttyUSB0: [Errno 2] No such file or directory: '/dev/ttyUSB0'
2026-08-19 15:13:24,909 [INFO] Serial connection lost:
2026-08-19 15:13:24,909 [INFO] [Errno 2] could not open port /dev/ttyUSB0: [Errno 2] No such file or directory: '/dev/ttyUSB0'
2026-08-19 15:13:26,410 [INFO] Serial connection lost:
2026-08-19 15:13:26,410 [INFO] [Errno 2] could not open port /dev/ttyUSB0: [Errno 2] No such file or directory: '/dev/ttyUSB0'
2026-08-19 15:13:27,911 [INFO] Serial connection lost:
2026-08-19 15:13:27,912 [INFO] [Errno 2] could not open port /dev/ttyUSB0: [Errno 2] No such file or directory: '/dev/ttyUSB0'
2026-08-19 15:13:29,413 [INFO] Serial connection lost:
2026-08-19 15:13:29,413 [INFO] [Errno 2] could not open port /dev/ttyUSB0: [Errno 2] No such file or directory: '/dev/ttyUSB0'
2026-08-19 15:13:30,914 [INFO] Serial connection lost:
2026-08-19 15:13:30,914 [INFO] [Errno 2] could not open port /dev/ttyUSB0: [Errno 2] No such file or directory: '/dev/ttyUSB0'
2026-08-19 15:13:31,715 [INFO] Serial disconnected
2026-08-19 15:14:43,365 [INFO] Production data loaded successfully.
2026-08-19 15:14:43,365 [INFO] {'1': {'ok': 6, 'ng': 8, 'total': 14}, '2': {'ok': 1, 'ng': 0, 'total': 1}, '3': {'ok': 48, 'ng': 54, 'total': 102}, '4': {'ok': 0, 'ng': 0, 'total': 0}}
2026-08-19 15:14:43,366 [INFO] gpiod not installed - GPIO disabled
2026-08-19 15:14:43,366 [INFO] Backend initialized
2026-08-19 15:14:43,470 [INFO] Serial connection lost:
2026-08-19 15:14:43,470 [INFO] [Errno 2] could not open port /dev/ttyUSB0: [Errno 2] No such file or directory: '/dev/ttyUSB0'
2026-08-19 15:14:44,868 [INFO] Serial connection lost:
2026-08-19 15:14:44,868 [INFO] [Errno 2] could not open port /dev/ttyUSB0: [Errno 2] No such file or directory: '/dev/ttyUSB0'
2026-08-19 15:14:46,370 [INFO] Serial connection lost:
2026-08-19 15:14:46,370 [INFO] [Errno 2] could not open port /dev/ttyUSB0: [Errno 2] No such file or directory: '/dev/ttyUSB0'
2026-08-19 15:14:47,871 [INFO] Serial connection lost:
2026-08-19 15:14:47,871 [INFO] [Errno 2] could not open port /dev/ttyUSB0: [Errno 2] No such file or directory: '/dev/ttyUSB0'
2026-08-19 15:14:49,373 [INFO] Serial connection lost:
2026-08-19 15:14:49,373 [INFO] [Errno 2] could not open port /dev/ttyUSB0: [Errno 2] No such file or directory: '/dev/ttyUSB0'
2026-08-19 15:14:50,874 [INFO] Serial connection lost:
2026-08-19 15:14:50,874 [INFO] [Errno 2] could not open port /dev/ttyUSB0: [Errno 2] No such file or directory: '/dev/ttyUSB0'
2026-08-19 15:14:52,375 [INFO] Serial connection lost:
2026-08-19 15:14:52,376 [INFO] [Errno 2] could not open port /dev/ttyUSB0: [Errno 2] No such file or directory: '/dev/ttyUSB0'
2026-08-19 15:14:53,877 [INFO] Serial connection lost:
2026-08-19 15:14:53,877 [INFO] [Errno 2] could not open port /dev/ttyUSB0: [Errno 2] No such file or directory: '/dev/ttyUSB0'
2026-08-19 15:14:55,378 [INFO] Serial connection lost:
2026-08-19 15:14:55,378 [INFO] [Errno 2] could not open port /dev/ttyUSB0: [Errno 2] No such file or directory: '/dev/ttyUSB0'
2026-08-19 15:14:55,407 [INFO] Backend: shutdown requested
2026-08-19 15:15:28,620 [INFO] Production data loaded successfully.
2026-08-19 15:15:28,620 [INFO] {'1': {'ok': 6, 'ng': 8, 'total': 14}, '2': {'ok': 1, 'ng': 0, 'total': 1}, '3': {'ok': 48, 'ng': 54, 'total': 102}, '4': {'ok': 0, 'ng': 0, 'total': 0}}
2026-08-19 15:15:28,620 [INFO] gpiod not installed - GPIO disabled
2026-08-19 15:15:28,620 [INFO] Backend initialized
2026-08-19 15:15:28,717 [INFO] Serial connection lost:
2026-08-19 15:15:28,717 [INFO] [Errno 2] could not open port /dev/ttyUSB0: [Errno 2] No such file or directory: '/dev/ttyUSB0'
2026-08-19 15:15:30,122 [INFO] Serial connection lost:
2026-08-19 15:15:30,122 [INFO] [Errno 2] could not open port /dev/ttyUSB0: [Errno 2] No such file or directory: '/dev/ttyUSB0'
2026-08-19 15:15:31,624 [INFO] Serial connection lost:
2026-08-19 15:15:31,624 [INFO] [Errno 2] could not open port /dev/ttyUSB0: [Errno 2] No such file or directory: '/dev/ttyUSB0'
2026-08-19 15:15:33,125 [INFO] Serial connection lost:
2026-08-19 15:15:33,125 [INFO] [Errno 2] could not open port /dev/ttyUSB0: [Errno 2] No such file or directory: '/dev/ttyUSB0'
2026-08-19 15:15:34,626 [INFO] Serial connection lost:
2026-08-19 15:15:34,627 [INFO] [Errno 2] could not open port /dev/ttyUSB0: [Errno 2] No such file or directory: '/dev/ttyUSB0'
2026-08-19 15:15:36,128 [INFO] Serial connection lost:
2026-08-19 15:15:36,128 [INFO] [Errno 2] could not open port /dev/ttyUSB0: [Errno 2] No such file or directory: '/dev/ttyUSB0'
2026-08-19 15:15:37,629 [INFO] Serial connection lost:
2026-08-19 15:15:37,629 [INFO] [Errno 2] could not open port /dev/ttyUSB0: [Errno 2] No such file or directory: '/dev/ttyUSB0'
2026-08-19 15:15:39,130 [INFO] Serial connection lost:
2026-08-19 15:15:39,131 [INFO] [Errno 2] could not open port /dev/ttyUSB0: [Errno 2] No such file or directory: '/dev/ttyUSB0'
2026-08-19 15:15:40,632 [INFO] Serial connection lost:
2026-08-19 15:15:40,632 [INFO] [Errno 2] could not open port /dev/ttyUSB0: [Errno 2] No such file or directory: '/dev/ttyUSB0'
2026-08-19 15:15:42,133 [INFO] Serial connection lost:
2026-08-19 15:15:42,133 [INFO] [Errno 2] could not open port /dev/ttyUSB0: [Errno 2] No such file or directory: '/dev/ttyUSB0'
2026-08-19 15:15:43,634 [INFO] Serial connection lost:
2026-08-19 15:15:43,634 [INFO] [Errno 2] could not open port /dev/ttyUSB0: [Errno 2] No such file or directory: '/dev/ttyUSB0'
2026-08-19 15:15:45,136 [INFO] Serial connection lost:
2026-08-19 15:15:45,136 [INFO] [Errno 2] could not open port /dev/ttyUSB0: [Errno 2] No such file or directory: '/dev/ttyUSB0'
2026-08-19 15:15:46,637 [INFO] Serial connection lost:
2026-08-19 15:15:46,637 [INFO] [Errno 2] could not open port /dev/ttyUSB0: [Errno 2] No such file or directory: '/dev/ttyUSB0'
2026-08-19 15:15:48,139 [INFO] Serial connection lost:
2026-08-19 15:15:48,139 [INFO] [Errno 2] could not open port /dev/ttyUSB0: [Errno 2] No such file or directory: '/dev/ttyUSB0'
2026-08-19 15:15:49,640 [INFO] Serial connection lost:
2026-08-19 15:15:49,640 [INFO] [Errno 2] could not open port /dev/ttyUSB0: [Errno 2] No such file or directory: '/dev/ttyUSB0'
2026-08-19 15:15:51,141 [INFO] Serial connection lost:
2026-08-19 15:15:51,141 [INFO] [Errno 2] could not open port /dev/ttyUSB0: [Errno 2] No such file or directory: '/dev/ttyUSB0'
2026-08-19 15:15:52,642 [INFO] Serial connection lost:
2026-08-19 15:15:52,643 [INFO] [Errno 2] could not open port /dev/ttyUSB0: [Errno 2] No such file or directory: '/dev/ttyUSB0'
2026-08-19 15:15:54,144 [INFO] Serial connection lost:
2026-08-19 15:15:54,144 [INFO] [Errno 2] could not open port /dev/ttyUSB0: [Errno 2] No such file or directory: '/dev/ttyUSB0'
2026-08-19 15:15:55,645 [INFO] Serial connection lost:
2026-08-19 15:15:55,645 [INFO] [Errno 2] could not open port /dev/ttyUSB0: [Errno 2] No such file or directory: '/dev/ttyUSB0'
2026-08-19 15:15:57,146 [INFO] Serial connection lost:
2026-08-19 15:15:57,147 [INFO] [Errno 2] could not open port /dev/ttyUSB0: [Errno 2] No such file or directory: '/dev/ttyUSB0'
2026-08-19 15:15:58,648 [INFO] Serial connection lost:
2026-08-19 15:15:58,648 [INFO] [Errno 2] could not open port /dev/ttyUSB0: [Errno 2] No such file or directory: '/dev/ttyUSB0'
2026-08-19 15:15:59,524 [INFO] Watchdog: no response from serial port in 30s, forcing reconnect
2026-08-19 15:16:00,149 [INFO] Serial connection lost:
2026-08-19 15:16:00,149 [INFO] [Errno 2] could not open port /dev/ttyUSB0: [Errno 2] No such file or directory: '/dev/ttyUSB0'
2026-08-19 15:16:01,651 [INFO] Serial connection lost:
2026-08-19 15:16:01,651 [INFO] [Errno 2] could not open port /dev/ttyUSB0: [Errno 2] No such file or directory: '/dev/ttyUSB0'
2026-08-19 15:16:03,152 [INFO] Serial connection lost:
2026-08-19 15:16:03,152 [INFO] [Errno 2] could not open port /dev/ttyUSB0: [Errno 2] No such file or directory: '/dev/ttyUSB0'
2026-08-19 15:16:04,653 [INFO] Serial connection lost:
2026-08-19 15:16:04,654 [INFO] [Errno 2] could not open port /dev/ttyUSB0: [Errno 2] No such file or directory: '/dev/ttyUSB0'
2026-08-19 15:16:06,155 [INFO] Serial connection lost:
2026-08-19 15:16:06,155 [INFO] [Errno 2] could not open port /dev/ttyUSB0: [Errno 2] No such file or directory: '/dev/ttyUSB0'
2026-08-19 15:16:07,656 [INFO] Serial connection lost:
2026-08-19 15:16:07,656 [INFO] [Errno 2] could not open port /dev/ttyUSB0: [Errno 2] No such file or directory: '/dev/ttyUSB0'
2026-08-19 15:16:07,757 [INFO] Serial disconnected
2026-08-19 15:16:56,149 [INFO] Production data loaded successfully.
2026-08-19 15:16:56,149 [INFO] {'1': {'ok': 6, 'ng': 8, 'total': 14}, '2': {'ok': 1, 'ng': 0, 'total': 1}, '3': {'ok': 48, 'ng': 54, 'total': 102}, '4': {'ok': 0, 'ng': 0, 'total': 0}}
2026-08-19 15:16:56,149 [INFO] gpiod not installed - GPIO disabled
2026-08-19 15:16:56,150 [INFO] Backend initialized
2026-08-19 15:16:56,255 [INFO] Serial connection lost:
2026-08-19 15:16:56,255 [INFO] [Errno 2] could not open port /dev/ttyUSB0: [Errno 2] No such file or directory: '/dev/ttyUSB0'
2026-08-19 15:16:57,652 [INFO] Serial connection lost:
2026-08-19 15:16:57,652 [INFO] [Errno 2] could not open port /dev/ttyUSB0: [Errno 2] No such file or directory: '/dev/ttyUSB0'
2026-08-19 15:16:59,153 [INFO] Serial connection lost:
2026-08-19 15:16:59,153 [INFO] [Errno 2] could not open port /dev/ttyUSB0: [Errno 2] No such file or directory: '/dev/ttyUSB0'
2026-08-19 15:17:00,654 [INFO] Serial connection lost:
2026-08-19 15:17:00,654 [INFO] [Errno 2] could not open port /dev/ttyUSB0: [Errno 2] No such file or directory: '/dev/ttyUSB0'
2026-08-19 15:17:02,156 [INFO] Serial connection lost:
2026-08-19 15:17:02,156 [INFO] [Errno 2] could not open port /dev/ttyUSB0: [Errno 2] No such file or directory: '/dev/ttyUSB0'
2026-08-19 15:17:03,657 [INFO] Serial connection lost:
2026-08-19 15:17:03,657 [INFO] [Errno 2] could not open port /dev/ttyUSB0: [Errno 2] No such file or directory: '/dev/ttyUSB0'
2026-08-19 15:17:05,158 [INFO] Serial connection lost:
2026-08-19 15:17:05,158 [INFO] [Errno 2] could not open port /dev/ttyUSB0: [Errno 2] No such file or directory: '/dev/ttyUSB0'
2026-08-19 15:17:05,959 [INFO] Serial disconnected
2026-08-19 15:18:10,219 [INFO] Production data loaded successfully.
2026-08-19 15:18:10,219 [INFO] {'1': {'ok': 6, 'ng': 8, 'total': 14}, '2': {'ok': 1, 'ng': 0, 'total': 1}, '3': {'ok': 48, 'ng': 54, 'total': 102}, '4': {'ok': 0, 'ng': 0, 'total': 0}}
2026-08-19 15:18:10,220 [INFO] gpiod not installed - GPIO disabled
2026-08-19 15:18:10,220 [INFO] Backend initialized
2026-08-19 15:18:10,323 [INFO] Serial connection lost:
2026-08-19 15:18:10,323 [INFO] [Errno 2] could not open port /dev/ttyUSB0: [Errno 2] No such file or directory: '/dev/ttyUSB0'
2026-08-19 15:18:11,722 [INFO] Serial connection lost:
2026-08-19 15:18:11,722 [INFO] [Errno 2] could not open port /dev/ttyUSB0: [Errno 2] No such file or directory: '/dev/ttyUSB0'
2026-08-19 15:18:13,223 [INFO] Serial connection lost:
2026-08-19 15:18:13,223 [INFO] [Errno 2] could not open port /dev/ttyUSB0: [Errno 2] No such file or directory: '/dev/ttyUSB0'
2026-08-19 15:18:14,725 [INFO] Serial connection lost:
2026-08-19 15:18:14,725 [INFO] [Errno 2] could not open port /dev/ttyUSB0: [Errno 2] No such file or directory: '/dev/ttyUSB0'
2026-08-19 15:18:16,226 [INFO] Serial connection lost:
2026-08-19 15:18:16,226 [INFO] [Errno 2] could not open port /dev/ttyUSB0: [Errno 2] No such file or directory: '/dev/ttyUSB0'
2026-08-19 15:18:17,727 [INFO] Serial connection lost:
2026-08-19 15:18:17,727 [INFO] [Errno 2] could not open port /dev/ttyUSB0: [Errno 2] No such file or directory: '/dev/ttyUSB0'
2026-08-19 15:18:19,229 [INFO] Serial connection lost:
2026-08-19 15:18:19,229 [INFO] [Errno 2] could not open port /dev/ttyUSB0: [Errno 2] No such file or directory: '/dev/ttyUSB0'
2026-08-19 15:18:20,730 [INFO] Serial connection lost:
2026-08-19 15:18:20,730 [INFO] [Errno 2] could not open port /dev/ttyUSB0: [Errno 2] No such file or directory: '/dev/ttyUSB0'
2026-08-19 15:18:22,231 [INFO] Serial connection lost:
2026-08-19 15:18:22,231 [INFO] [Errno 2] could not open port /dev/ttyUSB0: [Errno 2] No such file or directory: '/dev/ttyUSB0'
2026-08-19 15:18:23,733 [INFO] Serial connection lost:
2026-08-19 15:18:23,733 [INFO] [Errno 2] could not open port /dev/ttyUSB0: [Errno 2] No such file or directory: '/dev/ttyUSB0'
2026-08-19 15:18:24,934 [INFO] Serial disconnected
2026-08-19 15:18:43,832 [INFO] Production data loaded successfully.
2026-08-19 15:18:43,832 [INFO] {'1': {'ok': 6, 'ng': 8, 'total': 14}, '2': {'ok': 1, 'ng': 0, 'total': 1}, '3': {'ok': 48, 'ng': 54, 'total': 102}, '4': {'ok': 0, 'ng': 0, 'total': 0}}
2026-08-19 15:18:43,832 [INFO] gpiod not installed - GPIO disabled
2026-08-19 15:18:43,833 [INFO] Backend initialized
2026-08-19 15:18:43,942 [INFO] Serial connection lost:
2026-08-19 15:18:43,943 [INFO] [Errno 2] could not open port /dev/ttyUSB0: [Errno 2] No such file or directory: '/dev/ttyUSB0'
2026-08-19 15:18:45,335 [INFO] Serial connection lost:
2026-08-19 15:18:45,335 [INFO] [Errno 2] could not open port /dev/ttyUSB0: [Errno 2] No such file or directory: '/dev/ttyUSB0'
2026-08-19 15:18:46,836 [INFO] Serial connection lost:
2026-08-19 15:18:46,836 [INFO] [Errno 2] could not open port /dev/ttyUSB0: [Errno 2] No such file or directory: '/dev/ttyUSB0'
2026-08-19 15:18:48,337 [INFO] Serial connection lost:
2026-08-19 15:18:48,337 [INFO] [Errno 2] could not open port /dev/ttyUSB0: [Errno 2] No such file or directory: '/dev/ttyUSB0'
2026-08-19 15:18:49,839 [INFO] Serial connection lost:
2026-08-19 15:18:49,839 [INFO] [Errno 2] could not open port /dev/ttyUSB0: [Errno 2] No such file or directory: '/dev/ttyUSB0'
2026-08-19 15:18:51,340 [INFO] Serial connection lost:
2026-08-19 15:18:51,340 [INFO] [Errno 2] could not open port /dev/ttyUSB0: [Errno 2] No such file or directory: '/dev/ttyUSB0'
2026-08-19 15:18:52,841 [INFO] Serial connection lost:
2026-08-19 15:18:52,841 [INFO] [Errno 2] could not open port /dev/ttyUSB0: [Errno 2] No such file or directory: '/dev/ttyUSB0'
2026-08-19 15:18:54,343 [INFO] Serial connection lost:
2026-08-19 15:18:54,343 [INFO] [Errno 2] could not open port /dev/ttyUSB0: [Errno 2] No such file or directory: '/dev/ttyUSB0'
2026-08-19 15:18:55,844 [INFO] Serial connection lost:
2026-08-19 15:18:55,844 [INFO] [Errno 2] could not open port /dev/ttyUSB0: [Errno 2] No such file or directory: '/dev/ttyUSB0'
2026-08-19 15:18:57,345 [INFO] Serial connection lost:
2026-08-19 15:18:57,345 [INFO] [Errno 2] could not open port /dev/ttyUSB0: [Errno 2] No such file or directory: '/dev/ttyUSB0'
2026-08-19 15:18:58,847 [INFO] Serial connection lost:
2026-08-19 15:18:58,847 [INFO] [Errno 2] could not open port /dev/ttyUSB0: [Errno 2] No such file or directory: '/dev/ttyUSB0'
2026-08-19 15:19:00,348 [INFO] Serial connection lost:
2026-08-19 15:19:00,348 [INFO] [Errno 2] could not open port /dev/ttyUSB0: [Errno 2] No such file or directory: '/dev/ttyUSB0'
2026-08-19 15:19:01,849 [INFO] Serial connection lost:
2026-08-19 15:19:01,849 [INFO] [Errno 2] could not open port /dev/ttyUSB0: [Errno 2] No such file or directory: '/dev/ttyUSB0'
2026-08-19 15:19:03,351 [INFO] Serial connection lost:
2026-08-19 15:19:03,351 [INFO] [Errno 2] could not open port /dev/ttyUSB0: [Errno 2] No such file or directory: '/dev/ttyUSB0'
2026-08-19 15:19:04,852 [INFO] Serial connection lost:
2026-08-19 15:19:04,852 [INFO] [Errno 2] could not open port /dev/ttyUSB0: [Errno 2] No such file or directory: '/dev/ttyUSB0'
2026-08-19 15:19:06,354 [INFO] Serial connection lost:
2026-08-19 15:19:06,354 [INFO] [Errno 2] could not open port /dev/ttyUSB0: [Errno 2] No such file or directory: '/dev/ttyUSB0'
2026-08-19 15:19:07,855 [INFO] Serial connection lost:
2026-08-19 15:19:07,855 [INFO] [Errno 2] could not open port /dev/ttyUSB0: [Errno 2] No such file or directory: '/dev/ttyUSB0'
2026-08-19 15:19:08,756 [INFO] Serial disconnected
2026-08-19 15:19:33,517 [INFO] Production data loaded successfully.
2026-08-19 15:19:33,517 [INFO] {'1': {'ok': 6, 'ng': 8, 'total': 14}, '2': {'ok': 1, 'ng': 0, 'total': 1}, '3': {'ok': 48, 'ng': 54, 'total': 102}, '4': {'ok': 0, 'ng': 0, 'total': 0}}
2026-08-19 15:19:33,517 [INFO] gpiod not installed - GPIO disabled
2026-08-19 15:19:33,517 [INFO] Backend initialized
2026-08-19 15:19:33,626 [INFO] Serial connection lost:
2026-08-19 15:19:33,626 [INFO] [Errno 2] could not open port /dev/ttyUSB0: [Errno 2] No such file or directory: '/dev/ttyUSB0'
2026-08-19 15:19:35,019 [INFO] Serial connection lost:
2026-08-19 15:19:35,020 [INFO] [Errno 2] could not open port /dev/ttyUSB0: [Errno 2] No such file or directory: '/dev/ttyUSB0'
2026-08-19 15:19:36,521 [INFO] Serial connection lost:
2026-08-19 15:19:36,521 [INFO] [Errno 2] could not open port /dev/ttyUSB0: [Errno 2] No such file or directory: '/dev/ttyUSB0'
2026-08-19 15:19:38,022 [INFO] Serial connection lost:
2026-08-19 15:19:38,022 [INFO] [Errno 2] could not open port /dev/ttyUSB0: [Errno 2] No such file or directory: '/dev/ttyUSB0'
2026-08-19 15:19:39,524 [INFO] Serial connection lost:
2026-08-19 15:19:39,524 [INFO] [Errno 2] could not open port /dev/ttyUSB0: [Errno 2] No such file or directory: '/dev/ttyUSB0'
2026-08-19 15:19:41,025 [INFO] Serial connection lost:
2026-08-19 15:19:41,025 [INFO] [Errno 2] could not open port /dev/ttyUSB0: [Errno 2] No such file or directory: '/dev/ttyUSB0'
2026-08-19 15:19:42,526 [INFO] Serial connection lost:
2026-08-19 15:19:42,526 [INFO] [Errno 2] could not open port /dev/ttyUSB0: [Errno 2] No such file or directory: '/dev/ttyUSB0'
2026-08-19 15:19:44,028 [INFO] Serial disconnected
2026-08-19 15:21:48,465 [INFO] Production data loaded successfully.
2026-08-19 15:21:48,465 [INFO] {'1': {'ok': 6, 'ng': 8, 'total': 14}, '2': {'ok': 1, 'ng': 0, 'total': 1}, '3': {'ok': 48, 'ng': 54, 'total': 102}, '4': {'ok': 0, 'ng': 0, 'total': 0}}
2026-08-19 15:21:48,466 [INFO] gpiod not installed - GPIO disabled
2026-08-19 15:21:48,466 [INFO] Backend initialized
2026-08-19 15:21:48,569 [INFO] Serial connection lost:
2026-08-19 15:21:48,569 [INFO] [Errno 2] could not open port /dev/ttyUSB0: [Errno 2] No such file or directory: '/dev/ttyUSB0'
2026-08-19 15:21:49,968 [INFO] Serial connection lost:
2026-08-19 15:21:49,968 [INFO] [Errno 2] could not open port /dev/ttyUSB0: [Errno 2] No such file or directory: '/dev/ttyUSB0'
2026-08-19 15:21:51,470 [INFO] Serial connection lost:
2026-08-19 15:21:51,470 [INFO] [Errno 2] could not open port /dev/ttyUSB0: [Errno 2] No such file or directory: '/dev/ttyUSB0'
2026-08-19 15:21:52,971 [INFO] Serial connection lost:
2026-08-19 15:21:52,971 [INFO] [Errno 2] could not open port /dev/ttyUSB0: [Errno 2] No such file or directory: '/dev/ttyUSB0'
2026-08-19 15:21:54,472 [INFO] Serial connection lost:
2026-08-19 15:21:54,472 [INFO] [Errno 2] could not open port /dev/ttyUSB0: [Errno 2] No such file or directory: '/dev/ttyUSB0'
2026-08-19 15:21:55,974 [INFO] Serial connection lost:
2026-08-19 15:21:55,974 [INFO] [Errno 2] could not open port /dev/ttyUSB0: [Errno 2] No such file or directory: '/dev/ttyUSB0'
2026-08-19 15:21:57,475 [INFO] Serial connection lost:
2026-08-19 15:21:57,475 [INFO] [Errno 2] could not open port /dev/ttyUSB0: [Errno 2] No such file or directory: '/dev/ttyUSB0'
2026-08-19 15:21:58,977 [INFO] Serial connection lost:
2026-08-19 15:21:58,977 [INFO] [Errno 2] could not open port /dev/ttyUSB0: [Errno 2] No such file or directory: '/dev/ttyUSB0'
2026-08-19 15:22:00,478 [INFO] Serial connection lost:
2026-08-19 15:22:00,478 [INFO] [Errno 2] could not open port /dev/ttyUSB0: [Errno 2] No such file or directory: '/dev/ttyUSB0'
2026-08-19 15:22:01,979 [INFO] Serial connection lost:
2026-08-19 15:22:01,979 [INFO] [Errno 2] could not open port /dev/ttyUSB0: [Errno 2] No such file or directory: '/dev/ttyUSB0'
2026-08-19 15:22:03,481 [INFO] Serial connection lost:
2026-08-19 15:22:03,481 [INFO] [Errno 2] could not open port /dev/ttyUSB0: [Errno 2] No such file or directory: '/dev/ttyUSB0'
2026-08-19 15:22:03,681 [INFO] Serial disconnected
2026-08-19 15:23:04,185 [INFO] Production data loaded successfully.
2026-08-19 15:23:04,185 [INFO] {'1': {'ok': 6, 'ng': 8, 'total': 14}, '2': {'ok': 1, 'ng': 0, 'total': 1}, '3': {'ok': 48, 'ng': 54, 'total': 102}, '4': {'ok': 0, 'ng': 0, 'total': 0}}
2026-08-19 15:23:04,185 [INFO] gpiod not installed - GPIO disabled
2026-08-19 15:23:04,186 [INFO] Backend initialized
2026-08-19 15:23:04,300 [INFO] Serial connection lost:
2026-08-19 15:23:04,300 [INFO] [Errno 2] could not open port /dev/ttyUSB0: [Errno 2] No such file or directory: '/dev/ttyUSB0'
2026-08-19 15:23:05,688 [INFO] Serial connection lost:
2026-08-19 15:23:05,688 [INFO] [Errno 2] could not open port /dev/ttyUSB0: [Errno 2] No such file or directory: '/dev/ttyUSB0'
2026-08-19 15:23:07,189 [INFO] Serial connection lost:
2026-08-19 15:23:07,189 [INFO] [Errno 2] could not open port /dev/ttyUSB0: [Errno 2] No such file or directory: '/dev/ttyUSB0'
2026-08-19 15:23:08,690 [INFO] Serial connection lost:
2026-08-19 15:23:08,690 [INFO] [Errno 2] could not open port /dev/ttyUSB0: [Errno 2] No such file or directory: '/dev/ttyUSB0'
2026-08-19 15:23:10,192 [INFO] Serial connection lost:
2026-08-19 15:23:10,192 [INFO] [Errno 2] could not open port /dev/ttyUSB0: [Errno 2] No such file or directory: '/dev/ttyUSB0'
2026-08-19 15:23:11,693 [INFO] Serial connection lost:
2026-08-19 15:23:11,693 [INFO] [Errno 2] could not open port /dev/ttyUSB0: [Errno 2] No such file or directory: '/dev/ttyUSB0'
2026-08-19 15:23:13,194 [INFO] Serial connection lost:
2026-08-19 15:23:13,194 [INFO] [Errno 2] could not open port /dev/ttyUSB0: [Errno 2] No such file or directory: '/dev/ttyUSB0'
2026-08-19 15:23:14,696 [INFO] Serial connection lost:
2026-08-19 15:23:14,696 [INFO] [Errno 2] could not open port /dev/ttyUSB0: [Errno 2] No such file or directory: '/dev/ttyUSB0'
2026-08-19 15:23:16,197 [INFO] Serial connection lost:
2026-08-19 15:23:16,197 [INFO] [Errno 2] could not open port /dev/ttyUSB0: [Errno 2] No such file or directory: '/dev/ttyUSB0'
2026-08-19 15:23:17,698 [INFO] Serial connection lost:
2026-08-19 15:23:17,699 [INFO] [Errno 2] could not open port /dev/ttyUSB0: [Errno 2] No such file or directory: '/dev/ttyUSB0'
2026-08-19 15:23:18,699 [INFO] Serial disconnected
2026-08-19 15:26:25,130 [INFO] Production data loaded successfully.
2026-08-19 15:26:25,130 [INFO] {'1': {'ok': 6, 'ng': 8, 'total': 14}, '2': {'ok': 1, 'ng': 0, 'total': 1}, '3': {'ok': 48, 'ng': 54, 'total': 102}, '4': {'ok': 0, 'ng': 0, 'total': 0}}
2026-08-19 15:26:25,130 [INFO] gpiod not installed - GPIO disabled
2026-08-19 15:26:25,131 [INFO] Backend initialized
2026-08-19 15:26:25,243 [INFO] Serial connection lost:
2026-08-19 15:26:25,243 [INFO] [Errno 2] could not open port /dev/ttyUSB0: [Errno 2] No such file or directory: '/dev/ttyUSB0'
2026-08-19 15:26:26,633 [INFO] Serial connection lost:
2026-08-19 15:26:26,633 [INFO] [Errno 2] could not open port /dev/ttyUSB0: [Errno 2] No such file or directory: '/dev/ttyUSB0'
2026-08-19 15:26:28,134 [INFO] Serial connection lost:
2026-08-19 15:26:28,134 [INFO] [Errno 2] could not open port /dev/ttyUSB0: [Errno 2] No such file or directory: '/dev/ttyUSB0'
2026-08-19 15:26:29,635 [INFO] Serial connection lost:
2026-08-19 15:26:29,635 [INFO] [Errno 2] could not open port /dev/ttyUSB0: [Errno 2] No such file or directory: '/dev/ttyUSB0'
2026-08-19 15:26:31,137 [INFO] Serial connection lost:
2026-08-19 15:26:31,137 [INFO] [Errno 2] could not open port /dev/ttyUSB0: [Errno 2] No such file or directory: '/dev/ttyUSB0'
2026-08-19 15:26:32,638 [INFO] Serial connection lost:
2026-08-19 15:26:32,638 [INFO] [Errno 2] could not open port /dev/ttyUSB0: [Errno 2] No such file or directory: '/dev/ttyUSB0'
2026-08-19 15:26:34,139 [INFO] Serial connection lost:
2026-08-19 15:26:34,140 [INFO] [Errno 2] could not open port /dev/ttyUSB0: [Errno 2] No such file or directory: '/dev/ttyUSB0'
2026-08-19 15:26:35,641 [INFO] Serial connection lost:
2026-08-19 15:26:35,641 [INFO] [Errno 2] could not open port /dev/ttyUSB0: [Errno 2] No such file or directory: '/dev/ttyUSB0'
2026-08-19 15:26:37,142 [INFO] Serial connection lost:
2026-08-19 15:26:37,142 [INFO] [Errno 2] could not open port /dev/ttyUSB0: [Errno 2] No such file or directory: '/dev/ttyUSB0'
2026-08-19 15:26:38,643 [INFO] Serial connection lost:
2026-08-19 15:26:38,644 [INFO] [Errno 2] could not open port /dev/ttyUSB0: [Errno 2] No such file or directory: '/dev/ttyUSB0'
2026-08-19 15:26:40,145 [INFO] Serial connection lost:
2026-08-19 15:26:40,145 [INFO] [Errno 2] could not open port /dev/ttyUSB0: [Errno 2] No such file or directory: '/dev/ttyUSB0'
2026-08-19 15:26:40,545 [INFO] Serial disconnected
2026-08-19 16:56:06,628 [INFO] Production data loaded successfully.
2026-08-19 16:56:06,628 [INFO] {'1': {'ok': 6, 'ng': 8, 'total': 14}, '2': {'ok': 1, 'ng': 0, 'total': 1}, '3': {'ok': 48, 'ng': 54, 'total': 102}, '4': {'ok': 0, 'ng': 0, 'total': 0}}
2026-08-19 16:56:06,629 [INFO] gpiod not installed - GPIO disabled
2026-08-19 16:56:06,629 [INFO] Backend initialized
2026-08-19 16:56:06,771 [INFO] Serial connection lost:
2026-08-19 16:56:06,771 [INFO] [Errno 2] could not open port /dev/ttyUSB0: [Errno 2] No such file or directory: '/dev/ttyUSB0'
2026-08-19 16:56:08,131 [INFO] Serial connection lost:
2026-08-19 16:56:08,131 [INFO] [Errno 2] could not open port /dev/ttyUSB0: [Errno 2] No such file or directory: '/dev/ttyUSB0'
2026-08-19 16:56:09,632 [INFO] Serial connection lost:
2026-08-19 16:56:09,632 [INFO] [Errno 2] could not open port /dev/ttyUSB0: [Errno 2] No such file or directory: '/dev/ttyUSB0'
2026-08-19 16:56:11,134 [INFO] Serial connection lost:
2026-08-19 16:56:11,134 [INFO] [Errno 2] could not open port /dev/ttyUSB0: [Errno 2] No such file or directory: '/dev/ttyUSB0'
2026-08-19 16:56:12,635 [INFO] Serial connection lost:
2026-08-19 16:56:12,635 [INFO] [Errno 2] could not open port /dev/ttyUSB0: [Errno 2] No such file or directory: '/dev/ttyUSB0'
2026-08-19 16:56:14,136 [INFO] Serial connection lost:
2026-08-19 16:56:14,137 [INFO] [Errno 2] could not open port /dev/ttyUSB0: [Errno 2] No such file or directory: '/dev/ttyUSB0'
2026-08-19 16:56:15,638 [INFO] Serial connection lost:
2026-08-19 16:56:15,638 [INFO] [Errno 2] could not open port /dev/ttyUSB0: [Errno 2] No such file or directory: '/dev/ttyUSB0'
2026-08-19 16:56:17,139 [INFO] Serial connection lost:
2026-08-19 16:56:17,139 [INFO] [Errno 2] could not open port /dev/ttyUSB0: [Errno 2] No such file or directory: '/dev/ttyUSB0'
2026-08-19 16:56:18,641 [INFO] Serial connection lost:
2026-08-19 16:56:18,641 [INFO] [Errno 2] could not open port /dev/ttyUSB0: [Errno 2] No such file or directory: '/dev/ttyUSB0'
2026-08-19 16:56:20,142 [INFO] Serial connection lost:
2026-08-19 16:56:20,142 [INFO] [Errno 2] could not open port /dev/ttyUSB0: [Errno 2] No such file or directory: '/dev/ttyUSB0'
2026-08-19 16:56:21,643 [INFO] Serial connection lost:
2026-08-19 16:56:21,644 [INFO] [Errno 2] could not open port /dev/ttyUSB0: [Errno 2] No such file or directory: '/dev/ttyUSB0'
2026-08-19 16:56:23,145 [INFO] Serial connection lost:
2026-08-19 16:56:23,145 [INFO] [Errno 2] could not open port /dev/ttyUSB0: [Errno 2] No such file or directory: '/dev/ttyUSB0'
2026-08-19 16:56:24,646 [INFO] Serial connection lost:
2026-08-19 16:56:24,647 [INFO] [Errno 2] could not open port /dev/ttyUSB0: [Errno 2] No such file or directory: '/dev/ttyUSB0'
2026-08-19 16:56:26,148 [INFO] Serial connection lost:
2026-08-19 16:56:26,148 [INFO] [Errno 2] could not open port /dev/ttyUSB0: [Errno 2] No such file or directory: '/dev/ttyUSB0'
2026-08-19 16:56:27,649 [INFO] Serial connection lost:
2026-08-19 16:56:27,649 [INFO] [Errno 2] could not open port /dev/ttyUSB0: [Errno 2] No such file or directory: '/dev/ttyUSB0'
2026-08-19 16:56:29,151 [INFO] Serial connection lost:
2026-08-19 16:56:29,151 [INFO] [Errno 2] could not open port /dev/ttyUSB0: [Errno 2] No such file or directory: '/dev/ttyUSB0'
2026-08-19 16:56:30,552 [INFO] Serial disconnected
2026-08-20 14:25:43,001 [INFO] Production data loaded successfully.
2026-08-20 14:25:43,002 [INFO] {'1': {'ok': 6, 'ng': 8, 'total': 14}, '2': {'ok': 1, 'ng': 0, 'total': 1}, '3': {'ok': 48, 'ng': 54, 'total': 102}, '4': {'ok': 0, 'ng': 0, 'total': 0}}
2026-08-20 14:25:43,002 [INFO] gpiod not installed - GPIO disabled
2026-08-20 14:25:43,003 [INFO] Backend initialized
2026-08-20 14:25:43,223 [INFO] Serial connection lost:
2026-08-20 14:25:43,223 [INFO] [Errno 2] could not open port /dev/ttyUSB0: [Errno 2] No such file or directory: '/dev/ttyUSB0'
2026-08-20 14:25:44,505 [INFO] Serial connection lost:
2026-08-20 14:25:44,505 [INFO] [Errno 2] could not open port /dev/ttyUSB0: [Errno 2] No such file or directory: '/dev/ttyUSB0'
2026-08-20 14:25:46,006 [INFO] Serial connection lost:
2026-08-20 14:25:46,007 [INFO] [Errno 2] could not open port /dev/ttyUSB0: [Errno 2] No such file or directory: '/dev/ttyUSB0'
2026-08-20 14:25:47,508 [INFO] Serial connection lost:
2026-08-20 14:25:47,508 [INFO] [Errno 2] could not open port /dev/ttyUSB0: [Errno 2] No such file or directory: '/dev/ttyUSB0'
2026-08-20 14:25:49,009 [INFO] Serial connection lost:
2026-08-20 14:25:49,009 [INFO] [Errno 2] could not open port /dev/ttyUSB0: [Errno 2] No such file or directory: '/dev/ttyUSB0'
2026-08-20 14:25:50,511 [INFO] Serial connection lost:
2026-08-20 14:25:50,511 [INFO] [Errno 2] could not open port /dev/ttyUSB0: [Errno 2] No such file or directory: '/dev/ttyUSB0'
2026-08-20 14:25:52,012 [INFO] Serial connection lost:
2026-08-20 14:25:52,012 [INFO] [Errno 2] could not open port /dev/ttyUSB0: [Errno 2] No such file or directory: '/dev/ttyUSB0'
2026-08-20 14:25:53,513 [INFO] Serial connection lost:
2026-08-20 14:25:53,513 [INFO] [Errno 2] could not open port /dev/ttyUSB0: [Errno 2] No such file or directory: '/dev/ttyUSB0'
2026-08-20 14:25:55,014 [INFO] Serial connection lost:
2026-08-20 14:25:55,015 [INFO] [Errno 2] could not open port /dev/ttyUSB0: [Errno 2] No such file or directory: '/dev/ttyUSB0'
2026-08-20 14:25:56,516 [INFO] Serial connection lost:
2026-08-20 14:25:56,516 [INFO] [Errno 2] could not open port /dev/ttyUSB0: [Errno 2] No such file or directory: '/dev/ttyUSB0'
2026-08-20 14:25:58,017 [INFO] Serial connection lost:
2026-08-20 14:25:58,017 [INFO] [Errno 2] could not open port /dev/ttyUSB0: [Errno 2] No such file or directory: '/dev/ttyUSB0'
2026-08-20 14:25:58,418 [INFO] Serial disconnected
2026-08-20 16:45:18,244 [INFO] Production data loaded successfully.
2026-08-20 16:45:18,244 [INFO] {'1': {'ok': 6, 'ng': 8, 'total': 14}, '2': {'ok': 1, 'ng': 0, 'total': 1}, '3': {'ok': 48, 'ng': 54, 'total': 102}, '4': {'ok': 0, 'ng': 0, 'total': 0}}
2026-08-20 16:45:18,245 [INFO] gpiod not installed - GPIO disabled
2026-08-20 16:45:18,245 [INFO] Backend initialized
2026-08-20 16:45:18,466 [INFO] Serial connection lost:
2026-08-20 16:45:18,466 [INFO] [Errno 2] could not open port /dev/ttyUSB0: [Errno 2] No such file or directory: '/dev/ttyUSB0'
2026-08-20 16:45:19,748 [INFO] Serial connection lost:
2026-08-20 16:45:19,748 [INFO] [Errno 2] could not open port /dev/ttyUSB0: [Errno 2] No such file or directory: '/dev/ttyUSB0'
2026-08-20 16:45:21,249 [INFO] Serial connection lost:
2026-08-20 16:45:21,249 [INFO] [Errno 2] could not open port /dev/ttyUSB0: [Errno 2] No such file or directory: '/dev/ttyUSB0'
2026-08-20 16:45:22,750 [INFO] Serial connection lost:
2026-08-20 16:45:22,751 [INFO] [Errno 2] could not open port /dev/ttyUSB0: [Errno 2] No such file or directory: '/dev/ttyUSB0'
2026-08-20 16:45:24,252 [INFO] Serial connection lost:
2026-08-20 16:45:24,252 [INFO] [Errno 2] could not open port /dev/ttyUSB0: [Errno 2] No such file or directory: '/dev/ttyUSB0'
2026-08-20 16:45:25,753 [INFO] Serial connection lost:
2026-08-20 16:45:25,753 [INFO] [Errno 2] could not open port /dev/ttyUSB0: [Errno 2] No such file or directory: '/dev/ttyUSB0'
2026-08-20 16:45:27,255 [INFO] Serial connection lost:
2026-08-20 16:45:27,255 [INFO] [Errno 2] could not open port /dev/ttyUSB0: [Errno 2] No such file or directory: '/dev/ttyUSB0'
2026-08-20 16:45:28,756 [INFO] Serial connection lost:
2026-08-20 16:45:28,756 [INFO] [Errno 2] could not open port /dev/ttyUSB0: [Errno 2] No such file or directory: '/dev/ttyUSB0'
2026-08-20 16:45:30,257 [INFO] Serial connection lost:
2026-08-20 16:45:30,257 [INFO] [Errno 2] could not open port /dev/ttyUSB0: [Errno 2] No such file or directory: '/dev/ttyUSB0'
2026-08-20 16:45:31,759 [INFO] Serial connection lost:
2026-08-20 16:45:31,759 [INFO] [Errno 2] could not open port /dev/ttyUSB0: [Errno 2] No such file or directory: '/dev/ttyUSB0'
2026-08-20 16:45:33,060 [INFO] Serial disconnected
2026-08-21 12:40:59,506 [INFO] Production data loaded successfully.
2026-08-21 12:40:59,507 [INFO] {'1': {'ok': 6, 'ng': 8, 'total': 14}, '2': {'ok': 1, 'ng': 0, 'total': 1}, '3': {'ok': 48, 'ng': 54, 'total': 102}, '4': {'ok': 0, 'ng': 0, 'total': 0}}
2026-08-21 12:40:59,507 [INFO] gpiod not installed - GPIO disabled
2026-08-21 12:40:59,508 [INFO] Backend initialized
2026-08-21 12:40:59,718 [INFO] Serial connection lost:
2026-08-21 12:40:59,718 [INFO] [Errno 2] could not open port /dev/ttyUSB0: [Errno 2] No such file or directory: '/dev/ttyUSB0'
2026-08-21 12:41:01,010 [INFO] Serial connection lost:
2026-08-21 12:41:01,010 [INFO] [Errno 2] could not open port /dev/ttyUSB0: [Errno 2] No such file or directory: '/dev/ttyUSB0'
2026-08-21 12:41:02,512 [INFO] Serial connection lost:
2026-08-21 12:41:02,512 [INFO] [Errno 2] could not open port /dev/ttyUSB0: [Errno 2] No such file or directory: '/dev/ttyUSB0'
2026-08-21 12:41:04,013 [INFO] Serial connection lost:
2026-08-21 12:41:04,013 [INFO] [Errno 2] could not open port /dev/ttyUSB0: [Errno 2] No such file or directory: '/dev/ttyUSB0'
2026-08-21 12:41:05,514 [INFO] Serial connection lost:
2026-08-21 12:41:05,515 [INFO] [Errno 2] could not open port /dev/ttyUSB0: [Errno 2] No such file or directory: '/dev/ttyUSB0'
2026-08-21 12:41:07,016 [INFO] Serial connection lost:
2026-08-21 12:41:07,016 [INFO] [Errno 2] could not open port /dev/ttyUSB0: [Errno 2] No such file or directory: '/dev/ttyUSB0'
2026-08-21 12:41:08,517 [INFO] Serial connection lost:
2026-08-21 12:41:08,517 [INFO] [Errno 2] could not open port /dev/ttyUSB0: [Errno 2] No such file or directory: '/dev/ttyUSB0'
2026-08-21 12:41:10,019 [INFO] Serial connection lost:
2026-08-21 12:41:10,019 [INFO] [Errno 2] could not open port /dev/ttyUSB0: [Errno 2] No such file or directory: '/dev/ttyUSB0'
2026-08-21 12:41:11,520 [INFO] Serial connection lost:
2026-08-21 12:41:11,520 [INFO] [Errno 2] could not open port /dev/ttyUSB0: [Errno 2] No such file or directory: '/dev/ttyUSB0'
2026-08-21 12:41:13,022 [INFO] Serial connection lost:
2026-08-21 12:41:13,022 [INFO] [Errno 2] could not open port /dev/ttyUSB0: [Errno 2] No such file or directory: '/dev/ttyUSB0'
2026-08-21 12:41:14,423 [INFO] Serial disconnected
2026-08-22 15:49:09,591 [INFO] Production data loaded successfully.
2026-08-22 15:49:09,591 [INFO] {'1': {'ok': 6, 'ng': 8, 'total': 14}, '2': {'ok': 1, 'ng': 0, 'total': 1}, '3': {'ok': 48, 'ng': 54, 'total': 102}, '4': {'ok': 0, 'ng': 0, 'total': 0}}
2026-08-22 15:49:09,591 [INFO] gpiod not installed - GPIO disabled
2026-08-22 15:49:09,592 [INFO] Backend initialized
2026-08-22 15:49:10,002 [INFO] Serial connection lost:
2026-08-22 15:49:10,002 [INFO] [Errno 2] could not open port /dev/ttyUSB0: [Errno 2] No such file or directory: '/dev/ttyUSB0'
2026-08-22 15:49:11,095 [INFO] Serial connection lost:
2026-08-22 15:49:11,095 [INFO] [Errno 2] could not open port /dev/ttyUSB0: [Errno 2] No such file or directory: '/dev/ttyUSB0'
2026-08-22 15:49:12,596 [INFO] Serial connection lost:
2026-08-22 15:49:12,597 [INFO] [Errno 2] could not open port /dev/ttyUSB0: [Errno 2] No such file or directory: '/dev/ttyUSB0'
2026-08-22 15:49:14,098 [INFO] Serial connection lost:
2026-08-22 15:49:14,098 [INFO] [Errno 2] could not open port /dev/ttyUSB0: [Errno 2] No such file or directory: '/dev/ttyUSB0'
2026-08-22 15:49:15,599 [INFO] Serial connection lost:
2026-08-22 15:49:15,599 [INFO] [Errno 2] could not open port /dev/ttyUSB0: [Errno 2] No such file or directory: '/dev/ttyUSB0'
2026-08-22 15:49:17,101 [INFO] Serial connection lost:
2026-08-22 15:49:17,101 [INFO] [Errno 2] could not open port /dev/ttyUSB0: [Errno 2] No such file or directory: '/dev/ttyUSB0'
2026-08-22 15:49:18,602 [INFO] Serial connection lost:
2026-08-22 15:49:18,602 [INFO] [Errno 2] could not open port /dev/ttyUSB0: [Errno 2] No such file or directory: '/dev/ttyUSB0'
2026-08-22 15:49:20,104 [INFO] Serial connection lost:
2026-08-22 15:49:20,104 [INFO] [Errno 2] could not open port /dev/ttyUSB0: [Errno 2] No such file or directory: '/dev/ttyUSB0'
2026-08-22 15:49:21,605 [INFO] Serial connection lost:
2026-08-22 15:49:21,605 [INFO] [Errno 2] could not open port /dev/ttyUSB0: [Errno 2] No such file or directory: '/dev/ttyUSB0'
2026-08-22 15:49:22,965 [INFO] Switching to:
2026-08-22 15:49:22,965 [INFO] S PART1
2026-08-22 15:49:23,106 [INFO] Serial connection lost:
2026-08-22 15:49:23,107 [INFO] [Errno 2] could not open port /dev/ttyUSB0: [Errno 2] No such file or directory: '/dev/ttyUSB0'
2026-08-22 15:49:24,608 [INFO] Serial connection lost:
2026-08-22 15:49:24,608 [INFO] [Errno 2] could not open port /dev/ttyUSB0: [Errno 2] No such file or directory: '/dev/ttyUSB0'
2026-08-22 15:49:26,109 [INFO] Serial connection lost:
2026-08-22 15:49:26,109 [INFO] [Errno 2] could not open port /dev/ttyUSB0: [Errno 2] No such file or directory: '/dev/ttyUSB0'
2026-08-22 15:49:27,611 [INFO] Serial connection lost:
2026-08-22 15:49:27,611 [INFO] [Errno 2] could not open port /dev/ttyUSB0: [Errno 2] No such file or directory: '/dev/ttyUSB0'
2026-08-22 15:49:29,112 [INFO] Serial connection lost:
2026-08-22 15:49:29,112 [INFO] [Errno 2] could not open port /dev/ttyUSB0: [Errno 2] No such file or directory: '/dev/ttyUSB0'
2026-08-22 15:49:30,613 [INFO] Serial connection lost:
2026-08-22 15:49:30,614 [INFO] [Errno 2] could not open port /dev/ttyUSB0: [Errno 2] No such file or directory: '/dev/ttyUSB0'
2026-08-22 15:49:32,115 [INFO] Serial connection lost:
2026-08-22 15:49:32,115 [INFO] [Errno 2] could not open port /dev/ttyUSB0: [Errno 2] No such file or directory: '/dev/ttyUSB0'
2026-08-22 15:49:33,616 [INFO] Serial connection lost:
2026-08-22 15:49:33,616 [INFO] [Errno 2] could not open port /dev/ttyUSB0: [Errno 2] No such file or directory: '/dev/ttyUSB0'
2026-08-22 15:49:35,117 [INFO] Serial connection lost:
2026-08-22 15:49:35,118 [INFO] [Errno 2] could not open port /dev/ttyUSB0: [Errno 2] No such file or directory: '/dev/ttyUSB0'
2026-08-22 15:49:35,168 [INFO] Switching to:
2026-08-22 15:49:35,168 [INFO] S PART2
2026-08-22 15:49:36,619 [INFO] Serial connection lost:
2026-08-22 15:49:36,619 [INFO] [Errno 2] could not open port /dev/ttyUSB0: [Errno 2] No such file or directory: '/dev/ttyUSB0'
2026-08-22 15:49:38,120 [INFO] Serial connection lost:
2026-08-22 15:49:38,120 [INFO] [Errno 2] could not open port /dev/ttyUSB0: [Errno 2] No such file or directory: '/dev/ttyUSB0'
2026-08-22 15:49:39,622 [INFO] Serial connection lost:
2026-08-22 15:49:39,622 [INFO] [Errno 2] could not open port /dev/ttyUSB0: [Errno 2] No such file or directory: '/dev/ttyUSB0'
2026-08-22 15:49:40,384 [INFO] Watchdog: no response from serial port in 30s, forcing reconnect
2026-08-22 15:49:41,123 [INFO] Serial connection lost:
2026-08-22 15:49:41,123 [INFO] [Errno 2] could not open port /dev/ttyUSB0: [Errno 2] No such file or directory: '/dev/ttyUSB0'
2026-08-22 15:49:42,625 [INFO] Serial connection lost:
2026-08-22 15:49:42,625 [INFO] [Errno 2] could not open port /dev/ttyUSB0: [Errno 2] No such file or directory: '/dev/ttyUSB0'
2026-08-22 15:49:44,126 [INFO] Serial connection lost:
2026-08-22 15:49:44,126 [INFO] [Errno 2] could not open port /dev/ttyUSB0: [Errno 2] No such file or directory: '/dev/ttyUSB0'
2026-08-22 15:49:45,627 [INFO] Serial connection lost:
2026-08-22 15:49:45,627 [INFO] [Errno 2] could not open port /dev/ttyUSB0: [Errno 2] No such file or directory: '/dev/ttyUSB0'
2026-08-22 15:49:46,154 [INFO] Switching to:
2026-08-22 15:49:46,154 [INFO] S PART3
2026-08-22 15:49:47,129 [INFO] Serial connection lost:
2026-08-22 15:49:47,129 [INFO] [Errno 2] could not open port /dev/ttyUSB0: [Errno 2] No such file or directory: '/dev/ttyUSB0'
2026-08-22 15:49:48,630 [INFO] Serial connection lost:
2026-08-22 15:49:48,630 [INFO] [Errno 2] could not open port /dev/ttyUSB0: [Errno 2] No such file or directory: '/dev/ttyUSB0'
2026-08-22 15:49:50,131 [INFO] Serial connection lost:
2026-08-22 15:49:50,131 [INFO] [Errno 2] could not open port /dev/ttyUSB0: [Errno 2] No such file or directory: '/dev/ttyUSB0'
2026-08-22 15:49:51,633 [INFO] Serial connection lost:
2026-08-22 15:49:51,633 [INFO] [Errno 2] could not open port /dev/ttyUSB0: [Errno 2] No such file or directory: '/dev/ttyUSB0'
2026-08-22 15:49:53,134 [INFO] Serial connection lost:
2026-08-22 15:49:53,134 [INFO] [Errno 2] could not open port /dev/ttyUSB0: [Errno 2] No such file or directory: '/dev/ttyUSB0'
2026-08-22 15:49:54,635 [INFO] Serial connection lost:
2026-08-22 15:49:54,635 [INFO] [Errno 2] could not open port /dev/ttyUSB0: [Errno 2] No such file or directory: '/dev/ttyUSB0'
2026-08-22 15:49:55,884 [INFO] Switching to:
2026-08-22 15:49:55,884 [INFO] S PART4
2026-08-22 15:49:56,137 [INFO] Serial connection lost:
2026-08-22 15:49:56,137 [INFO] [Errno 2] could not open port /dev/ttyUSB0: [Errno 2] No such file or directory: '/dev/ttyUSB0'
2026-08-22 15:49:57,638 [INFO] Serial connection lost:
2026-08-22 15:49:57,638 [INFO] [Errno 2] could not open port /dev/ttyUSB0: [Errno 2] No such file or directory: '/dev/ttyUSB0'
2026-08-22 15:49:59,140 [INFO] Serial connection lost:
2026-08-22 15:49:59,140 [INFO] [Errno 2] could not open port /dev/ttyUSB0: [Errno 2] No such file or directory: '/dev/ttyUSB0'
2026-08-22 15:50:00,641 [INFO] Serial connection lost:
2026-08-22 15:50:00,641 [INFO] [Errno 2] could not open port /dev/ttyUSB0: [Errno 2] No such file or directory: '/dev/ttyUSB0'
2026-08-22 15:50:02,142 [INFO] Serial connection lost:
2026-08-22 15:50:02,142 [INFO] [Errno 2] could not open port /dev/ttyUSB0: [Errno 2] No such file or directory: '/dev/ttyUSB0'
2026-08-22 15:50:03,644 [INFO] Serial connection lost:
2026-08-22 15:50:03,644 [INFO] [Errno 2] could not open port /dev/ttyUSB0: [Errno 2] No such file or directory: '/dev/ttyUSB0'
2026-08-22 15:50:05,145 [INFO] Serial connection lost:
2026-08-22 15:50:05,145 [INFO] [Errno 2] could not open port /dev/ttyUSB0: [Errno 2] No such file or directory: '/dev/ttyUSB0'
2026-08-22 15:50:06,646 [INFO] Serial connection lost:
2026-08-22 15:50:06,647 [INFO] [Errno 2] could not open port /dev/ttyUSB0: [Errno 2] No such file or directory: '/dev/ttyUSB0'
2026-08-22 15:50:08,148 [INFO] Serial connection lost:
2026-08-22 15:50:08,148 [INFO] [Errno 2] could not open port /dev/ttyUSB0: [Errno 2] No such file or directory: '/dev/ttyUSB0'
2026-08-22 15:50:09,649 [INFO] Serial connection lost:
2026-08-22 15:50:09,649 [INFO] [Errno 2] could not open port /dev/ttyUSB0: [Errno 2] No such file or directory: '/dev/ttyUSB0'
2026-08-22 15:50:11,151 [INFO] Serial connection lost:
2026-08-22 15:50:11,151 [INFO] [Errno 2] could not open port /dev/ttyUSB0: [Errno 2] No such file or directory: '/dev/ttyUSB0'
2026-08-22 15:50:11,383 [INFO] Watchdog: no response from serial port in 30s, forcing reconnect
2026-08-22 15:50:12,652 [INFO] Serial connection lost:
2026-08-22 15:50:12,652 [INFO] [Errno 2] could not open port /dev/ttyUSB0: [Errno 2] No such file or directory: '/dev/ttyUSB0'
2026-08-22 15:50:14,153 [INFO] Serial connection lost:
2026-08-22 15:50:14,154 [INFO] [Errno 2] could not open port /dev/ttyUSB0: [Errno 2] No such file or directory: '/dev/ttyUSB0'
2026-08-22 15:50:15,655 [INFO] Serial connection lost:
2026-08-22 15:50:15,655 [INFO] [Errno 2] could not open port /dev/ttyUSB0: [Errno 2] No such file or directory: '/dev/ttyUSB0'
2026-08-22 15:50:16,656 [INFO] Serial disconnected
